_eventzone_boss_base,-40120423,
_TerrainCompiler,-367065113,
_ZoneCtrl,1703108136,
Abomination,2095123679,
Abomination_attack1,1382552281,
Abomination_attack2,1382552278,
Abomination_attack3,1382552279,
Abomination_ragdoll,-1559908641,
Acorn,-2047937207,
Amber,-1570747403,
AmberPearl,-1844493069,
ancientbarkspear_projectile,-588675353,
AncientSeed,-500516295,
aoe_nova,391153472,
ArmorBronzeChest,-524840022,
ArmorBronzeLegs,-1070975544,
ArmorFenringChest,349244329,
ArmorFenringLegs,1068454321,
ArmorIronChest,-77418440,
ArmorIronLegs,855433562,
ArmorLeatherChest,1842977441,
ArmorLeatherLegs,-129361023,
ArmorPaddedCuirass,-2102914493,
ArmorPaddedGreaves,-1316976302,
ArmorRagsChest,-1873790835,
ArmorRagsLegs,-1807008579,
ArmorRootChest,973754414,
ArmorRootLegs,1839036508,
ArmorStand,1580161127,
ArmorStand_Female,826840908,
ArmorStand_Male,639316453,
ArmorTrollLeatherChest,-1722809642,
ArmorTrollLeatherLegs,-560834156,
ArmorWolfChest,-914594978,
ArmorWolfLegs,-1695215220,
ArrowBronze,2137518083,
ArrowFire,-1917784535,
ArrowFlint,-843447246,
ArrowFrost,-641933831,
ArrowIron,-1003810285,
ArrowNeedle,1981231808,
ArrowObsidian,343761714,
ArrowPoison,-1215929287,
ArrowSilver,799199670,
ArrowWood,-782094582,
AtgeirBlackmetal,275694258,
AtgeirBronze,-971799304,
AtgeirIron,-1697777810,
AxeBlackMetal,1694548656,
AxeBronze,-533689078,
AxeFlint,-1468314591,
AxeIron,1790496580,
AxeStone,-1779108881,
Barley,294912805,
BarleyFlour,-1702506509,
BarleyWine,-1380373382,
BarleyWineBase,113986677,
barrell,2034747966,
Bat,696030471,
bat_melee,-1913972066,
Battleaxe,1943723324,
BattleaxeCrystal,-1994118106,
bed,-1273339005,
bee_aoe,-1791758602,
beech_log,837895808,
beech_log_half,-624406308,
Beech_Sapling,1170585794,
Beech_small1,865557360,
Beech_small2,1268841887,
Beech_Stub,747762302,
Beech1,-493262268,
BeechSeeds,1912302441,
Beehive,185590564,
BeltStrength,-460902046,
Birch_log,-1411911791,
Birch_log_half,1868061717,
Birch_Sapling,-646762577,
Birch1,-427486029,
Birch1_aut,816500238,
Birch2,-1993569970,
Birch2_aut,-789472993,
BirchSeeds,-601117714,
BirchStub,-1425208488,
BlackForestLocationMusic,-94314950,
BlackMetal,-535733020,
BlackMetalScrap,1762081833,
BlackSoup,388599790,
blastfurnace,1048742812,
Blob,829393023,
blob_aoe,1122333731,
BlobElite,-249968000,
BlobTar,1909245568,
blobtar_projectile_tarball,-1079891863,
Bloodbag,248299036,
BloodPudding,-1293151425,
Blueberries,583402574,
BlueberryBush,1998010392,
Boar,-1670867714,
Boar_piggy,1076559013,
boar_ragdoll,832544534,
BoarJerky,150066261,
BombOoze,-96710263,
BoneFragments,1190462933,
Bonemass,-146537656,
bonemass_aoe,-741676700,
bonemass_throw_projectile,1289546541,
BonePileSpawner,1577361568,
bonfire,-999191493,
BossStone_Bonemass,-1521109453,
BossStone_DragonQueen,1216631312,
BossStone_Eikthyr,-1399780559,
BossStone_TheElder,-1784287464,
BossStone_Yagluth,-636214073,
Bow,1502599522,
bow_projectile,1261559868,
bow_projectile_fire,-1686607761,
bow_projectile_frost,-755455001,
bow_projectile_needle,-1829892894,
bow_projectile_poison,752202755,
BowDraugrFang,-1470815101,
BowFineWood,1304037785,
BowHuntsman,1410944776,
Bread,1185250548,
BreadDough,-787066183,
Bronze,-630222754,
BronzeNails,-1729390917,
bronzespear_projectile,2013693133,
bucket,-29074708,
Bush01,548904977,
Bush01_heath,-1798873102,
Bush02_en,-136568224,
CapeDeerHide,1624045309,
CapeLinen,-1893623813,
CapeLox,1726435208,
CapeOdin,-320326905,
CapeTest,1790203521,
CapeTrollHide,-1068315380,
CapeWolf,-2108127691,
CargoCrate,-366938831,
Carrot,1209145989,
CarrotSeeds,-743867699,
CarrotSoup,248039118,
Cart,49675204,
CastleKit_braided_box01,-1807421665,
CastleKit_brazier,709785924,
CastleKit_groundtorch,1477467946,
CastleKit_groundtorch_green,-524464010,
CastleKit_groundtorch_unlit,1814971431,
CastleKit_metal_groundtorch_unlit,1312507201,
CastleKit_pot03,206059549,
cauldron_ext1_spice,-1284852450,
cauldron_ext3_butchertable,-1932932113,
cauldron_ext4_pots,1470713869,
caverock_ice_pillar_wall,-150393364,
caverock_ice_stalagmite,-2053541920,
caverock_ice_stalagmite_broken,-1349061296,
caverock_ice_stalagmite_destruction,1935032255,
caverock_ice_stalagtite,-494364525,
caverock_ice_stalagtite_destruction,-691410382,
caverock_ice_stalagtite_falling,-15162285,
caverock_ice_wall_destruction,-481743960,
Chain,1534575709,
charcoal_kiln,816862660,
Chest,-696914899,
Chitin,-91716071,
cloth_hanging_door,-1049634774,
cloth_hanging_door_double,-691115746,
cloth_hanging_long,1773356668,
Cloudberry,-1899504733,
CloudberryBush,940750515,
Club,829393066,
Coal,204392453,
coal_pile,1803366038,
Coins,1554778960,
CookedDeerMeat,-1559009424,
CookedLoxMeat,-687491193,
CookedMeat,-90783900,
CookedWolfMeat,-1357090580,
Copper,1428605659,
CopperOre,1868171867,
Crow,903556745,
CryptKey,1014536855,
Crystal,908712672,
crystal_wall_1x1,650075310,
cultivate,-1005613019,
Cultivator,-1130499279,
Dandelion,1288940892,
darkwood_arch,463424268,
darkwood_beam,-840537217,
darkwood_beam4x4,-791142009,
darkwood_decowall,1429703979,
darkwood_gate,1276642083,
darkwood_pole,-1351226314,
darkwood_pole4,-1211998438,
darkwood_raven,1646817558,
darkwood_roof,255263578,
darkwood_roof_45,-1271098328,
darkwood_roof_icorner,-1737626015,
darkwood_roof_icorner_45,740898699,
darkwood_roof_ocorner,-1737832933,
darkwood_roof_ocorner_45,734070413,
darkwood_roof_top,360656326,
darkwood_roof_top_45,1645551772,
darkwood_wolf,-403494760,
dead_deer,1619070209,
Deathsquito,-1609638819,
Deathsquito_sting,-361803535,
Deer,291594142,
deer_ragdoll,-555931738,
DeerGodExplosion,648911439,
DeerHide,705284766,
DeerMeat,-1519557673,
DeerStew,-1170233273,
DG_Cave,497418925,
DG_ForestCrypt,-1277205767,
DG_GoblinCamp,322846882,
DG_MeadowsFarm,-1118485742,
DG_MeadowsVillage,797712294,
DG_SunkenCrypt,-446811472,
digg,-2000248195,
digg_v2,-1544763428,
Dragon,-408509179,
dragon_ice_projectile,-1680081557,
DragonEgg,-1736688790,
dragoneggcup,1178524842,
DragonTear,-1719994617,
Draugr,505464631,
draugr_arrow,1799389161,
draugr_axe,-896645116,
draugr_bow,-1488146288,
draugr_bow_projectile,1671731874,
Draugr_Elite,437915453,
Draugr_elite_ragdoll,124978337,
Draugr_ragdoll,1394133807,
Draugr_Ranged,515141415,
Draugr_ranged_ragdoll,-2052189689,
draugr_sword,1986762565,
dungeon_forestcrypt_door,-1481786749,
dungeon_sunkencrypt_irongate,-647334815,
Eikthyr,-938588874,
eikthyr_ragdoll,-82703974,
ElderBark,938726216,
Entrails,-1985632376,
eventzone_bonemass,-1796573617,
eventzone_eikthyr,641614345,
eventzone_gdking,-1815933211,
eventzone_goblinking,-630804645,
eventzone_moder,-264209140,
EvilHeart_Forest,-2106312224,
EvilHeart_Swamp,552253847,
Eyescream,1317085082,
Feathers,-1792723966,
Fenring,1388670159,
Fenring_attack_flames_aoe,-2089404025,
Fenring_Cultist,-1237836442,
Fenring_cultist_ragdoll,1571536938,
Fenring_ragdoll,-870478745,
fenrirhide_hanging,388131667,
fenrirhide_hanging_door,-1305303832,
fermenter,-931391920,
FineWood,212315135,
FirCone,183471488,
fire_pit,399713608,
FireFlies,-1931516595,
FirTree,1185163063,
FirTree_log,-1147276818,
FirTree_log_half,-755748398,
FirTree_oldLog,1051479931,
FirTree_Sapling,-2139814576,
FirTree_small,888684615,
FirTree_small_dead,-367866354,
FirTree_Stub,-2025597564,
Fish1,109649205,
Fish2,109649206,
Fish3,109649207,
Fish4_cave,58693868,
FishCooked,-1292410483,
FishingBait,2120058096,
FishingRod,2095458909,
FishingRodFloat,-2128965567,
FishingRodFloatProjectile,1255402074,
FishRaw,-535377778,
FishWraps,-1650135981,
FistFenrirClaw,-1721646831,
Flametal,-1619429742,
FlametalOre,-22163406,
Flax,1635961943,
Flies,-1711908779,
Flint,-952393887,
flintspear_projectile,1600360364,
forge,-1530372843,
forge_ext1,-18266612,
forge_ext2,-421551139,
forge_ext3,1144532802,
forge_ext4,385017915,
forge_ext5,1951101856,
forge_ext6,1547817329,
FreezeGland,-2107335129,
FrostCavesShrineReveal,1491287432,
fx_Abomination_arise,-863359251,
fx_Abomination_arise_end,500888217,
fx_Abomination_attack_hit,1086573447,
fx_Abomination_attack1,1753165102,
fx_Abomination_attack1_start,-431820145,
fx_Abomination_attack1_trailon,840131048,
fx_Abomination_attack2,1349880575,
fx_Abomination_attack2_lift,1651023775,
fx_Abomination_attack2_start,-27091948,
fx_Abomination_attack3,-1379002780,
fx_Abomination_attack3_start,-812819815,
fx_ArmorStand_pick,-1668628040,
fx_backstab,513540838,
fx_bat_death,2112410193,
fx_bat_hit,-1854382242,
fx_blobtar_tarball_hit,2138920922,
fx_boar_pet,1284548697,
fx_Bonemass_aoe_start,-132707708,
fx_creature_tamed,1367755680,
fx_crit,1083439213,
fx_crystal_destruction,-1115480558,
fx_deathsquito_hit,521449968,
fx_deatsquito_death,-957960149,
fx_dragon_land,1159596902,
fx_drown,1358135697,
fx_eikthyr_forwardshockwave,96144440,
fx_eikthyr_stomp,-311152809,
fx_fenring_flames,27262405,
fx_float_hitwater,1054502638,
fx_float_nibble,-1790688672,
fx_gdking_rootspawn,727170115,
fx_goblinbrute_groundslam,-1070004643,
fx_goblinking_beam_hit,917183013,
fx_goblinking_death,-1899360684,
fx_goblinking_hit,1274496653,
fx_goblinking_meteor_hit,-882794760,
fx_goblinking_nova,977083296,
fx_GoblinShieldBreak,-29779998,
fx_GoblinShieldHit,1378191352,
fx_GP_Activation,1210376161,
fx_GP_Player,-1064502302,
fx_GP_Stone,-964066384,
fx_guardstone_activate,504146489,
fx_guardstone_deactivate,-854606842,
fx_guardstone_permitted_add,-842656812,
fx_guardstone_permitted_removed,763516691,
fx_hottub_addwood,168056958,
fx_icefloor_destruction,-1417255809,
fx_icicle_destruction,-469159059,
fx_leviathan_leave,1907076913,
fx_leviathan_reaction,-1908485725,
fx_Lightning,-590558407,
fx_lox_death,-1556292783,
fx_lox_hit,-13297202,
fx_lox_pet,504556970,
fx_lox_tamed,-117748084,
fx_loxcalf_death,1238354849,
fx_oven_add_food,463296512,
fx_oven_add_wood,463297073,
fx_oven_produce,-1157562916,
fx_Potion_frostresist,-1445195853,
fx_Puke,-1094090678,
fx_shaman_fireball_expl,1140086335,
fx_shaman_protect,-430233955,
fx_sw_addflax,778331988,
fx_sw_produce,26707384,
fx_tar_bubbles,-293996892,
fx_tentaroot_death,-1301911090,
fx_tombstone_destroyed,-612587032,
fx_totem_destroyed,-550679782,
fx_vines_hit,1213446712,
fx_WaterImpact_Big,350984073,
fx_wolf_pet,287754685,
gd_king,-2101309657,
gdking_Ragdoll,-811560274,
gdking_root_projectile,696105667,
Ghost,-696918929,
GlowingMushroom,-1457187493,
Goblin,-137741679,
goblin_banner,2045908432,
goblin_bed,-1998259239,
Goblin_Dragdoll,608207097,
goblin_fence,950265897,
goblin_pole,133115456,
goblin_pole_small,440394388,
goblin_roof_45d,654372746,
goblin_roof_45d_corner,-696037094,
goblin_roof_cap,842587907,
goblin_stairs,-1788665696,
goblin_stepladder,70596228,
goblin_totempole,-164406293,
goblin_woodwall_1m,-216645858,
goblin_woodwall_2m,-216645857,
goblin_woodwall_2m_ribs,2020886964,
GoblinArcher,-1508843442,
GoblinArmband,1639499022,
GoblinBrute,-939999423,
GoblinBrute_ArmGuard,801523509,
GoblinBrute_Attack,1626038296,
GoblinBrute_Backbones,-1141183846,
GoblinBrute_ExecutionerCap,1057188125,
GoblinBrute_HipCloth,-1678144185,
GoblinBrute_LegBones,-1023139695,
GoblinBrute_ragdoll,195844421,
GoblinBrute_RageAttack,1750141103,
GoblinBrute_ShoulderGuard,886640797,
GoblinBrute_Taunt,422634212,
GoblinClub,1243528541,
GoblinHelmet,-1372598740,
GoblinKing,-221799126,
GoblinKing_ragdoll,-1183704758,
goblinking_totemholder,-1299706766,
GoblinLegband,606128236,
GoblinLoin,-1182826951,
GoblinShaman,-315180887,
GoblinShaman_attack_poke,562187776,
GoblinShaman_Headdress_antlers,454410833,
GoblinShaman_Headdress_feathers,-776894186,
GoblinShaman_projectile_fireball,58584771,
GoblinShaman_protect_aoe,693601149,
GoblinShaman_ragdoll,-1610435819,
GoblinShaman_Staff_Bones,1167933866,
GoblinShaman_Staff_Feathers,-1055192031,
GoblinShoulders,-132972994,
GoblinSpear,552197258,
GoblinSpear_projectile,740613604,
GoblinSword,-1000332366,
GoblinTorch,1923162683,
GoblinTotem,-1209005522,
Greydwarf,1126707611,
Greydwarf_Elite,-1374218359,
Greydwarf_elite_ragdoll,-1011209571,
Greydwarf_ragdoll,605908579,
Greydwarf_Root,-1510980060,
Greydwarf_Shaman,762782418,
Greydwarf_Shaman_ragdoll,-792591186,
Greydwarf_throw_projectile,-340666050,
GreydwarfEye,-826622060,
Greyling,-50960667,
Greyling_ragdoll,1354298625,
guard_stone,-1024209535,
guard_stone_test,783188550,
Guck,177541128,
GuckSack,-2040480890,
GuckSack_small,-914926950,
Haldor,375476424,
Hammer,200814284,
hanging_hairstrands,-1418004192,
HardAntler,1712371231,
Hatchling,-729507656,
hatchling_cold_projectile,-835209289,
Hatchling_ragdoll,-789524728,
HealthUpgrade_Bonemass,-1717780267,
HealthUpgrade_GDKing,-1387001121,
hearth,656210618,
HeathRockPillar,-2132038161,
HeathRockPillar_frac,-328261538,
HelmetBronze,1813259955,
HelmetDrake,1408519140,
HelmetDverger,703889544,
HelmetFenring,-178897214,
HelmetIron,2113728123,
HelmetLeather,70008852,
HelmetMidsummerCrown,-1421560593,
HelmetOdin,-204964095,
HelmetPadded,1885444557,
HelmetRoot,-1119196061,
HelmetTrollLeather,1503400855,
HelmetYule,1213051262,
highstone,-1383558263,
highstone_frac,-1305625596,
Hoe,1502599834,
Honey,1601842181,
horizontal_web,193150005,
HugeRoot1,-832142516,
Ice_floor,-1448864844,
Ice_floor_fractured,-1169366101,
ice_rock1,343637466,
ice_rock1_frac,1448015437,
ice1,1017608796,
IceBlocker,492655805,
Imp_fireball_projectile,-1372761134,
incinerator,-1876813566,
Iron,1400949664,
iron_floor_1x1,-1904833886,
iron_floor_2x2,-479912446,
iron_grate,-2019670596,
iron_wall_1x1,424208618,
iron_wall_2x2,424208778,
IronNails,584343451,
IronOre,411615136,
IronScrap,1511877305,
itemstand,-1235119491,
itemstandh,1822362821,
jute_carpet,-1313065786,
JuteRed,502052093,
Karve,-925528333,
KnifeBlackMetal,1961661821,
KnifeButcher,1365582486,
KnifeChitin,-505018634,
KnifeCopper,1410911030,
KnifeFlint,-1567646802,
KnifeSilver,-1378519326,
LeatherScraps,1490625731,
Leech,-1537236269,
Leech_cave,-98355895,
Leviathan,1332964068,
lightningAOE,-1940000293,
LinenThread,-1376039418,
LocationProxy,-313992107,
loot_chest_stone,-323903440,
loot_chest_wood,143869018,
LootSpawner_pineforest,2067969702,
Lox,1502599715,
Lox_Calf,2032626552,
lox_ragdoll,886454387,
lox_ribs,-1181455604,
lox_stomp_aoe_OLD,433303229,
loxcalf_ragdoll,128389279,
LoxMeat,1273492894,
LoxPelt,702453006,
LoxPie,16727443,
LoxPieUncooked,2035010361,
MaceBronze,1042173684,
MaceIron,-2074455458,
MaceNeedle,1646123621,
MaceSilver,-589925683,
marker01,-1738390869,
marker02,-1335106342,
MeadBaseFrostResist,1001949628,
MeadBaseHealthMedium,-337119751,
MeadBaseHealthMinor,2092877623,
MeadBasePoisonResist,196470766,
MeadBaseStaminaMedium,279948666,
MeadBaseStaminaMinor,-1061353886,
MeadBaseTasty,1894904111,
MeadFrostResist,647021439,
MeadHealthMedium,-1416734660,
MeadHealthMinor,920031124,
MeadPoisonResist,-1382234189,
MeadStaminaMedium,-1060658883,
MeadStaminaMinor,-1149314721,
MeadTasty,-996243444,
MinceMeatSauce,-1219034992,
MineRock_Copper,723343212,
MineRock_Iron,-922930389,
MineRock_Meteorite,-971628607,
MineRock_Obsidian,820355464,
MineRock_Stone,-1789907722,
MineRock_Tin,-1882492588,
MountainGraveStone01,268544908,
MountainKit_brazier,-42805769,
mountainkit_chair,-1770394629,
mountainkit_table,972026940,
MountainKit_wood_gate,1604827893,
mud_road,463677683,
mudpile,-165023748,
mudpile_beacon,-42517997,
mudpile_frac,-1189190447,
mudpile_old,-1480591642,
mudpile2,1756993846,
mudpile2_frac,-47303797,
Mushroom,-1961898040,
MushroomBlue,660592112,
MushroomYellow,-115856560,
Neck,-2081058657,
Neck_Ragdoll,-152497,
NeckTail,-1398896717,
NeckTailGrilled,-1094347100,
Needle,1523164967,
Oak_log,-1822460498,
Oak_log_half,719041002,
Oak_Sapling,-172929820,
Oak1,735284842,
OakStub,1457518369,
Obsidian,-215580535,
odin,1313230286,
OLD_wood_roof,-1278775552,
OLD_wood_roof_icorner,-495402031,
OLD_wood_roof_ocorner,-495338349,
OLD_wood_roof_top,-1083140140,
OLD_wood_wall_roof,1928745705,
Onion,-1315263071,
OnionSeeds,1180314225,
OnionSoup,1592016380,
Ooze,1414246171,
oozebomb_explosion,-551548701,
oozebomb_projectile,-272518761,
path,-1919693987,
paved_road,456394941,
Pickable_Barley,-739875783,
Pickable_Barley_Wild,-494395474,
Pickable_BogIronOre,1644571806,
Pickable_Branch,2035819856,
Pickable_Carrot,600686073,
Pickable_Dandelion,16756586,
Pickable_DolmenTreasure,1500324956,
Pickable_DragonEgg,-321593056,
Pickable_Fishingrod,-524508767,
Pickable_Flax,-1182933197,
Pickable_Flax_Wild,1325033780,
Pickable_Flint,-1217738099,
Pickable_ForestCryptRandom,-2081011024,
Pickable_ForestCryptRemains01,449644523,
Pickable_ForestCryptRemains02,449644526,
Pickable_ForestCryptRemains03,449644525,
Pickable_ForestCryptRemains04,449644520,
Pickable_Hairstrands01,-397428878,
Pickable_Hairstrands02,5855649,
Pickable_Item,-477120423,
Pickable_MeatPile,445972681,
Pickable_Meteorite,-1081635004,
Pickable_MountainCaveCrystal,299318408,
Pickable_MountainCaveObsidian,-1115391601,
Pickable_MountainCaveRandom,478105205,
Pickable_MountainRemains01_buried,-1816579317,
Pickable_Mushroom,1520650186,
Pickable_Mushroom_blue,-1843622859,
Pickable_Mushroom_yellow,-1342135541,
Pickable_Obsidian,-1991911291,
Pickable_Onion,959601677,
Pickable_RandomFood,-1117014999,
Pickable_SeedCarrot,1405222666,
Pickable_SeedOnion,539751898,
Pickable_SeedTurnip,1947547595,
Pickable_Stone,-1471593253,
Pickable_SunkenCryptRandom,849594011,
Pickable_SurtlingCoreStand,2014622831,
Pickable_Tar,908600739,
Pickable_TarBig,412021611,
Pickable_Thistle,1175276079,
Pickable_Tin,-2129458801,
Pickable_Turnip,412034074,
PickaxeAntler,-961424307,
PickaxeBronze,-1585937997,
PickaxeIron,915836683,
PickaxeStone,1083748678,
piece_artisanstation,1642546285,
piece_banner01,420204856,
piece_banner02,823489383,
piece_banner03,-742594558,
piece_banner04,16920329,
piece_banner05,-1549163612,
piece_banner06,-1145879085,
piece_banner07,1583004270,
piece_banner08,-1952448139,
piece_banner09,776435216,
piece_banner10,1986288798,
piece_banner11,420204857,
piece_bathtub,2109981969,
piece_bed02,2024210682,
piece_beehive,28120085,
piece_bench01,-2122807554,
piece_brazierceiling01,997718274,
piece_brazierfloor01,-1758232271,
piece_cartographytable,-164515435,
piece_cauldron,-1652490355,
piece_chair,-637414342,
piece_chair02,-1717421956,
piece_chair03,-1717421957,
piece_chest,-1443983522,
piece_chest_blackmetal,1417076401,
piece_chest_private,698259470,
piece_chest_treasure,-475222070,
piece_chest_wood,328745978,
piece_cloth_hanging_door,-1046192253,
piece_cookingstation,1430888227,
piece_cookingstation_iron,778038248,
piece_gift1,-1181865690,
piece_gift2,-1181865689,
piece_gift3,-1181865688,
piece_groundtorch,261914232,
piece_groundtorch_blue,1441955863,
piece_groundtorch_green,-1296288316,
piece_groundtorch_wood,1744483228,
piece_jackoturnip,232336033,
piece_logbench01,-1214978310,
piece_maypole,-780564436,
piece_oven,2024246663,
piece_sharpstakes,1059480620,
piece_spinningwheel,411883698,
piece_stonecutter,-34430377,
piece_table,915094071,
piece_table_oak,-1159820015,
piece_table_round,441267892,
piece_throne01,743791676,
piece_throne02,340507149,
piece_walltorch,1038085717,
piece_workbench,-958010034,
piece_workbench_ext1,1017582937,
piece_workbench_ext2,1420867464,
piece_workbench_ext3,-145216477,
piece_workbench_ext4,614298410,
piece_xmastree,-1443700678,
PineCone,1779180581,
PineTree,1295600320,
Pinetree_01,797319082,
Pinetree_01_Stub,364904293,
PineTree_log,1111243907,
PineTree_log_half,1016303223,
PineTree_log_halfOLD,749341040,
PineTree_logOLD,-1636733362,
PineTree_Sapling,-1134441643,
Player,1875862075,
Player_ragdoll,-1124029525,
Player_ragdoll_old,751687535,
Player_tombstone,-1558312669,
PlayerUnarmed,-442047277,
portal,-1495166496,
portal_wood,-661882940,
projectile_beam,-225359483,
projectile_chitinharpoon,-570735290,
projectile_meteor,286479006,
projectile_wolffang,-870216900,
Pukeberries,-836947401,
QueenBee,-1533933068,
QueensJam,-474798661,
Raft,49675681,
raise,-1685068370,
Raspberry,1479220028,
RaspberryBush,1809630058,
RawMeat,-666181511,
replant,-2120318468,
Resin,-730656777,
Rock_3,1172889253,
Rock_3_frac,1649426798,
Rock_4,1576173780,
Rock_4_plains,-2040381836,
Rock_7,-1152709575,
Rock_destructible,112360646,
Rock_destructible_test,-447136041,
rock1_mountain,-1396233392,
rock1_mountain_frac,-496513311,
rock2_heath,-1865631054,
rock2_heath_frac,-1268964283,
rock2_mountain,-1397136109,
rock2_mountain_frac,1422273664,
rock3_mountain,-1398465710,
rock3_mountain_frac,884909855,
rock3_silver,297427804,
rock3_silver_frac,-990678761,
rock4_coast,-790658592,
rock4_coast_frac,1039259597,
rock4_copper,-1552092171,
rock4_copper_frac,912150108,
rock4_forest,1707947207,
rock4_forest_frac,1082202028,
rock4_heath,-1865985940,
rock4_heath_frac,-1655434869,
RockDolmen_1,1396764178,
RockDolmen_2,1800048705,
RockDolmen_3,233964764,
RockFinger,571199914,
RockFinger_frac,-171548199,
RockFingerBroken,414646403,
RockFingerBroken_frac,1140737056,
rockformation1,1524190963,
RockThumb,-1854838197,
RockThumb_frac,-233084190,
Root,-864298130,
root07,144829813,
root08,-258454714,
root11,951398868,
root12,548114341,
RottenMeat,-476284625,
RoundLog,-413278252,
Ruby,2052801890,
rug_deer,1761585513,
rug_fur,1569410630,
rug_wolf,-698527959,
SaddleLox,-671861700,
sapling_barley,967280542,
sapling_carrot,1780505228,
sapling_flax,1079411440,
sapling_onion,-364092232,
sapling_seedcarrot,219934075,
sapling_seedonion,-1390589197,
sapling_seedturnip,-1250573360,
sapling_turnip,310026689,
Sausages,1580132118,
Seagal,1469476749,
Serpent,1671717323,
SerpentMeat,-370330082,
SerpentMeatCooked,865616331,
SerpentScale,-1569517817,
SerpentStew,-1781955618,
sfx_Abomination_attack,318619260,
sfx_Abomination_Attack2_slam_whoosh,-472153373,
sfx_Abomination_swing,85954002,
sfx_arrow_hit,2116918345,
sfx_atgeir_attack,-9823443,
sfx_atgeir_attack_secondary,1119253240,
sfx_axe_flint_hit,-1785312200,
sfx_axe_hit,1674650800,
sfx_axe_swing,1525903873,
sfx_barley_hit,2017903409,
sfx_barnacle_destroyed,-287013000,
sfx_bat_alerted,-1056847255,
sfx_bat_attack,1641770234,
sfx_bat_idle,-1204919892,
sfx_battleaxe_hit,-282875050,
sfx_battleaxe_swing_start,-445258974,
sfx_battleaxe_swing_wosh,1475499163,
sfx_beehive_destroyed,1742233836,
sfx_beehive_hit,1096880206,
sfx_blob_alerted,1632142469,
sfx_blob_attack,148104278,
sfx_blob_death,-1615338232,
sfx_blob_hit,1859362075,
sfx_blob_idle,442506800,
sfx_blob_jump,139978274,
sfx_blobtar_attack_spit,-1602192272,
sfx_blobtar_idle,679310017,
sfx_boar_alerted,1128738514,
sfx_boar_attack,2121021919,
sfx_boar_birth,-287580596,
sfx_boar_death,1768214527,
sfx_boar_hit,-2014915412,
sfx_boar_idle,601266887,
sfx_boar_love,-2013304865,
sfx_bomb_throw,185328793,
sfx_Bonemass_alert,1294883521,
sfx_Bonemass_death,2046458303,
sfx_Bonemass_Hit,980760610,
sfx_Bonemass_idle,-491656505,
sfx_bonepile_destroyed,-1605529788,
sfx_bones_pick,-643696903,
sfx_bow_draw,-1901670101,
sfx_bow_fire,-1888631953,
sfx_bow_fire_silent,-2097698275,
sfx_bowl_AddItem,-1515693285,
sfx_build_cultivator,1257287840,
sfx_build_hammer_crystal,-1278010020,
sfx_build_hammer_default,2097750009,
sfx_build_hammer_metal,280157711,
sfx_build_hammer_stone,-1311934539,
sfx_build_hammer_wood,-2011991903,
sfx_build_hoe,-699454731,
sfx_bush_hit,-1065983654,
sfx_cart_hit,227256914,
sfx_chest_close,-72591688,
sfx_chest_open,-1129500684,
sfx_claw_swing,296086892,
sfx_club_hit,1859348788,
sfx_club_swing,180601353,
sfx_coins_destroyed,956240876,
sfx_coins_pile_destroyed,-1890597475,
sfx_coins_pile_placed,-1022715103,
sfx_coins_placed,1987656624,
sfx_cooking_station_burnt,1597637767,
sfx_cooking_station_done,-1771031886,
sfx_cooking_station_take,-440219305,
sfx_creature_consume,-331212374,
sfx_crow_death,-442618672,
sfx_deathsquito_attack,1259899960,
sfx_deer_alerted,-357044922,
sfx_deer_death,786261919,
sfx_deer_idle,184170615,
sfx_dodge,2120243119,
sfx_dragon_alerted,-812720353,
sfx_dragon_coldball_explode,-2106959121,
sfx_dragon_coldball_launch,448545629,
sfx_dragon_coldball_start,-626665322,
sfx_dragon_coldbreath_start,2128287383,
sfx_dragon_coldbreath_trailon,-238966068,
sfx_dragon_death,1090343548,
sfx_dragon_hurt,-891344597,
sfx_dragon_idle,-1650858748,
sfx_dragon_melee_hit,-1804404888,
sfx_dragon_melee_start,1936230299,
sfx_dragon_scream,1061380211,
sfx_dragonegg_destroy,52560671,
sfx_draugr_alerted,1448680921,
sfx_draugr_death,-1989076202,
sfx_draugr_hit,-112770717,
sfx_draugr_idle,-419194450,
sfx_draugrpile_destroyed,-1876585691,
sfx_draugrpile_hit,-920114813,
sfx_DraugrSpawn,-1626280682,
sfx_eat,-1371474352,
sfx_eikthyr_alert,-1120079577,
sfx_eikthyr_death,-138843163,
sfx_eikthyr_hit,789326860,
sfx_eikthyr_idle,-1976095907,
sfx_equip,1387578946,
sfx_equip_start,1204475865,
sfx_fenring_alerted,-1862261727,
sfx_fenring_claw_hit,342632397,
sfx_fenring_claw_start,1227596662,
sfx_fenring_claw_trailstart,590949502,
sfx_fenring_death,726801436,
sfx_fenring_fireclaw,-780440161,
sfx_fenring_howl,-1210864460,
sfx_fenring_idle,536788148,
sfx_fenring_jump_start,-2025415501,
sfx_fenring_jump_trailstart,42596973,
sfx_fenring_jump_trigger,-227508653,
sfx_fermenter_add,-1504196720,
sfx_fermenter_tap,-1907481662,
sfx_FireAddFuel,-544513927,
sfx_fishingrod_linebreak,769769393,
sfx_fishingrod_swing,1243570260,
sfx_fist_metal_blocked,1977532003,
sfx_Frost_Start,919660713,
sfx_gdking_alert,-1849978965,
sfx_gdking_death,286111049,
sfx_gdking_idle,603150001,
sfx_gdking_punch,-371166203,
sfx_gdking_rock_destroyed,-2047078594,
sfx_gdking_scream,-669580346,
sfx_gdking_shoot_start,1621948229,
sfx_gdking_shoot_trigger,-1858890103,
sfx_gdking_spawn,-2000700602,
sfx_gdking_stomp,-1268036788,
sfx_ghost_alert,-1797734528,
sfx_ghost_attack,-698369758,
sfx_ghost_attack_hit,1668762708,
sfx_ghost_death,-1293429652,
sfx_ghost_hurt,62237157,
sfx_ghost_idle,122846068,
sfx_goblin_alerted,957066015,
sfx_goblin_death,-1484016104,
sfx_goblin_hit,92356725,
sfx_goblin_idle,298715040,
sfx_goblinbrute_alerted,209539363,
sfx_goblinbrute_clubhit,-436006683,
sfx_goblinbrute_clubswing,-790848394,
sfx_goblinbrute_death,1813676922,
sfx_goblinbrute_hit,-1694032143,
sfx_goblinking_beam,1731195420,
sfx_goblinking_taunt,363874217,
sfx_GoblinShaman_alerted,324164379,
sfx_GoblinShaman_death,-1202814254,
sfx_GoblinShaman_fireball_launch,-512484755,
sfx_GoblinShaman_hurt,-840257425,
sfx_GoblinShaman_idle,1888625450,
sfx_greydwarf_alerted,869677353,
sfx_greydwarf_attack,1675311800,
sfx_greydwarf_attack_hit,-1632421286,
sfx_greydwarf_death,-1447958386,
sfx_greydwarf_elite_alerted,1560640839,
sfx_greydwarf_elite_attack,-1245172204,
sfx_greydwarf_elite_death,-1424600366,
sfx_greydwarf_elite_idle,-272788038,
sfx_greydwarf_hit,768797863,
sfx_greydwarf_idle,518810534,
sfx_greydwarf_shaman_attack,698141549,
sfx_greydwarf_shaman_heal,-921150635,
sfx_greydwarf_stone_hit,-1806562545,
sfx_greydwarf_throw,-1038008944,
sfx_greydwarfnest_destroyed,-2107531651,
sfx_greydwarfnest_hit,1009431615,
sfx_greyling_alerted,36140811,
sfx_greyling_attack,-309914534,
sfx_greyling_death,-160017500,
sfx_greyling_hit,933333521,
sfx_greyling_idle,-1568237828,
sfx_GuckSackDestroyed,1741169793,
sfx_GuckSackHit,-233871765,
sfx_gui_craftitem,362390805,
sfx_gui_craftitem_cauldron,1448794450,
sfx_gui_craftitem_cauldron_end,-1871015160,
sfx_gui_craftitem_end,-1488968663,
sfx_gui_craftitem_forge,-1252768741,
sfx_gui_craftitem_forge_end,-1845774265,
sfx_gui_craftitem_workbench,443759629,
sfx_gui_craftitem_workbench_end,879403129,
sfx_gui_repairitem_forge,-1701226344,
sfx_gui_repairitem_workbench,922799634,
sfx_haldor_greet,35942974,
sfx_haldor_laugh,-1346573826,
sfx_haldor_yea,-111516482,
sfx_hatchling_alerted,1199232568,
sfx_hatchling_coldball_explode,-1823965796,
sfx_hatchling_coldball_launch,-1782709912,
sfx_hatchling_coldball_start,1547577083,
sfx_hatchling_death,-558295565,
sfx_hatchling_idle,-11215269,
sfx_hatcling_hurt,-2057165472,
sfx_hit,-1015244101,
sfx_ice_destroyed,1212214977,
sfx_ice_hit,1099069099,
sfx_imp_alerted,-228445012,
sfx_imp_death,518456693,
sfx_imp_fireball_explode,232946994,
sfx_imp_fireball_launch,-310863970,
sfx_imp_hit,1565498190,
sfx_jump,-1081772602,
sfx_kiln_addore,512263924,
sfx_kiln_produce,-664898105,
sfx_knife_swing,21597614,
sfx_land,484569737,
sfx_land_water,988384127,
sfx_leech_alerted,-1181261327,
sfx_leech_attack,1501365952,
sfx_leech_attack_hit,-2045834926,
sfx_leech_death,1479879878,
sfx_leech_hit,578078319,
sfx_leech_idle,102110366,
sfx_lootspawn,2020511185,
sfx_lox_alerted,-1863847711,
sfx_lox_attack_bite,468474163,
sfx_lox_attack_stomp,-145504576,
sfx_lox_shout,2072191495,
sfx_loxcalf_alerted,-469793791,
sfx_MeadBurp,1571728298,
sfx_metal_blocked,1124696762,
sfx_metal_blocked_overlay,-1760283719,
sfx_metal_shield_blocked,-1772608940,
sfx_metal_shield_blocked_overlay,-840864991,
sfx_mill_add,2057247232,
sfx_mill_produce,-1118938029,
sfx_MudDestroyed,821843025,
sfx_MudHit,1067687063,
sfx_neck_alerted,952841829,
sfx_neck_attack,43892854,
sfx_neck_attack_hit,-2127668968,
sfx_neck_death,-1277955800,
sfx_neck_hit,654439419,
sfx_neck_idle,-775797488,
sfx_obliterator_close,1274852592,
sfx_obliterator_open,-682457896,
sfx_offering,-1982248368,
sfx_oozebomb_explode,-1817721841,
sfx_OpenPortal,732280816,
sfx_oven_burnt,-1005547168,
sfx_oven_done,-1547861929,
sfx_oven_take,307453894,
sfx_perfectblock,-937050156,
sfx_pickable_pick,309311199,
sfx_pickaxe_hit,1303862709,
sfx_pickaxe_swing,-2079789852,
sfx_Poison_Start,-719076567,
sfx_Potion_frostresist_Start,-343832221,
sfx_Potion_health_Start,679702861,
sfx_Potion_stamina_Start,513203996,
sfx_prespawn,482237526,
sfx_ProjectileHit,933664922,
sfx_Puke_female,-326315518,
sfx_Puke_male,-90428465,
sfx_rock_destroyed,443205179,
sfx_rock_hit,1659574845,
sfx_secretfound,1862739074,
sfx_secretfound 1,-1529198509,only prefab with space in name
sfx_serpent_alerted,-1937784263,
sfx_serpent_attack,1720244614,
sfx_serpent_attack_hit,-53659712,
sfx_serpent_attack_trigger,1664749613,
sfx_serpent_death,664835072,
sfx_serpent_hurt,1296799745,
sfx_serpent_idle,-1452028264,
sfx_serpent_taunt,-1775091842,
sfx_ship_destroyed,-1123631012,
sfx_ship_impact,108601737,
sfx_silvermace_hit,101705497,
sfx_skeleton_alerted,-779148385,
sfx_skeleton_attack,1471010406,
sfx_skeleton_big_alerted,-946127216,
sfx_skeleton_big_death,-2047632425,
sfx_skeleton_death,-632309576,
sfx_skeleton_hit,1166104533,
sfx_skeleton_idle,-199334624,
sfx_skeleton_mace_hit,-134414446,
sfx_sledge_hit,1234819210,
sfx_sledge_iron_hit,1218133189,
sfx_sledge_swing,1025052565,
sfx_smelter_add,-1187773206,
sfx_smelter_produce,455267851,
sfx_spawn,1622864505,
sfx_spear_flint_hit,-98825973,
sfx_spear_hit,-639458691,
sfx_spear_poke,1418593097,
sfx_spear_throw,-433840220,
sfx_stonegolem_alerted,-1300399715,
sfx_stonegolem_attack_hit,-56190528,
sfx_stonegolem_attack_wosh,-573443490,
sfx_stonegolem_death,-625942156,
sfx_stonegolem_hurt,1697953989,
sfx_stonegolem_idle,299883260,
sfx_stonegolem_primary_start,-122588711,
sfx_stonegolem_second_start,1405284141,
sfx_stonegolem_spikeattack_trailon,1969679954,
sfx_stonegolem_wakeup,252173315,
sfx_sword_hit,-908234027,
sfx_sword_swing,805484646,
sfx_tentaroot_attack,1547379821,
sfx_torch_swing,-761428885,
sfx_treasurechest_destroyed,1141039220,
sfx_tree_fall,-1874475854,
sfx_tree_fall_abomination,-1256552928,
sfx_tree_fall_hit,990991588,
sfx_tree_hit,724468252,
sfx_tree_hit_abomination,1701579258,
sfx_troll_alerted,1062930251,
sfx_troll_attack_hit,236295284,
sfx_troll_attacking,-524195358,
sfx_troll_death,1550152080,
sfx_troll_hit,-919278487,
sfx_troll_idle,2138806728,
sfx_troll_rock_destroyed,108229521,
sfx_ulv_death,-971560874,
sfx_unarmed_blocked,-161316095,
sfx_unarmed_hit,1606312494,
sfx_unarmed_swing,715807293,
sfx_UndeadBurn_Start,406146685,
sfx_WishbonePing_closer,-1045975014,
sfx_WishbonePing_far,-1698132249,
sfx_WishbonePing_further,-937629098,
sfx_WishbonePing_med,1534792178,
sfx_WishbonePing_near,393316638,
sfx_wolf_alerted,-960574442,
sfx_wolf_attack,523244451,
sfx_wolf_attack_hit,163230065,
sfx_wolf_birth,-1174064648,
sfx_wolf_death,-1803198157,
sfx_wolf_hit,-1555397680,
sfx_wolf_love,912084459,
sfx_wood_blocked,-602397748,
sfx_wood_blocked_overlay,-576574677,
sfx_wood_break,102817,
sfx_wood_destroyed,-1560241923,
sfx_wood_hit,-1717541353,
sfx_wraith_alerted,-1928641073,
sfx_wraith_attack,711249930,
sfx_wraith_attack_hit,965283228,
sfx_wraith_death,-1778014004,
sfx_wraith_hit,901120601,
sfx_wraith_idle,944718372,
shaman_attack_aoe,1961161115,
shaman_heal_aoe,1063409303,
SharpeningStone,-750899644,
ShieldBanded,616678875,
ShieldBlackmetal,-417136115,
ShieldBlackmetalTower,-1283608710,
ShieldBoneTower,387580618,
ShieldBronzeBuckler,831128417,
ShieldIronBuckler,-1704092447,
ShieldIronSquare,-66427558,
ShieldIronTower,1602392070,
ShieldKnight,-1748101970,
ShieldSerpentscale,-344082900,
ShieldSilver,-1248409586,
ShieldWood,897989326,
ShieldWoodTower,1729114779,
ship_construction,-1245442852,
shipwreck_karve_bottomboards,121363955,
shipwreck_karve_bow,-2111136205,
shipwreck_karve_chest,-759801912,
shipwreck_karve_dragonhead,1103509118,
shipwreck_karve_stern,-1183306829,
shipwreck_karve_sternpost,-849022257,
ShocklateSmoothie,-1079051988,
shrub_2,-1779355401,
shrub_2_heath,-199539902,
sign,1084866395,
sign_notext,1316803472,
Silver,-1906091609,
SilverNecklace,-726203417,
SilverOre,2105582487,
silvervein,1611466255,
silvervein_frac,65008322,
Skeleton,-1035090735,
skeleton_bow,-955026550,
skeleton_mace,598002992,
Skeleton_NoArcher,392606230,
Skeleton_Poison,-1723003302,
skeleton_sword,141245155,
Skull1,757858766,
Skull2,354574239,
sledge_aoe,-8548736,
SledgeCheat,175903691,
SledgeIron,-228048586,
SledgeStagbreaker,-698896327,
smelter,900941850,
Spawner_Bat,-1836156358,
Spawner_Blob,959730964,
Spawner_BlobElite,-241244907,
Spawner_BlobTar,-2140639629,
Spawner_BlobTar_respawn_30,1490211126,
Spawner_Boar,1571435137,
Spawner_Cultist,-1600033845,
Spawner_Draugr,1620622954,
Spawner_Draugr_Elite,-2140484606,
Spawner_Draugr_Noise,-1294801227,
Spawner_Draugr_Ranged,521057400,
Spawner_Draugr_Ranged_Noise,-955292439,
Spawner_Draugr_respawn_30,1006477195,
Spawner_DraugrPile,-399756230,
Spawner_Fenring,705538066,
Spawner_Fish4,-524222393,
Spawner_Ghost,-2043251898,
Spawner_Goblin,-253282352,
Spawner_GoblinArcher,-1332276175,
Spawner_GoblinBrute,1838267156,
Spawner_GoblinShaman,-40747638,
Spawner_Greydwarf,544574264,
Spawner_Greydwarf_Elite,1287973336,
Spawner_Greydwarf_Shaman,-1711995613,
Spawner_GreydwarfNest,-2136750990,
Spawner_Hatchling,-1720584471,
Spawner_imp,489441179,
Spawner_imp_respawn,-778538652,
Spawner_Leech_cave,-1702254152,
Spawner_Location_Elite,-1825512432,
Spawner_Location_Greydwarf,1020298526,
Spawner_Location_Shaman,233788309,
Spawner_Skeleton,-346964912,
Spawner_Skeleton_night_noarcher,2087336966,
Spawner_Skeleton_poison,-1948581159,
Spawner_Skeleton_respawn_30,81405021,
Spawner_StoneGolem,710649036,
Spawner_Troll,-275632390,
Spawner_Ulv,-1076640884,
Spawner_Wraith,-268438304,
SpearBronze,-1821145625,
SpearChitin,678850310,
SpearElderbark,-1438354023,
SpearFlint,-1352659250,
SpearWolfFang,228563121,
stake_wall,13326225,
StaminaUpgrade_Greydwarf,-1439240287,
StaminaUpgrade_Troll,-2070050825,
StaminaUpgrade_Wraith,-1764358509,
StatueCorgi,-1452599006,
StatueDeer,222646934,
StatueEvil,726946320,
StatueHare,1936541740,
StatueSeed,128538777,
Stone,-535531945,
stone_arch,-542996224,
stone_floor,1135745654,
stone_floor_2x2,2048610715,
stone_pile,-1094350308,
stone_pillar,-1747173676,
stone_stair,389771597,
stone_wall_1x1,-1764426495,
stone_wall_2x1,-1623263994,
stone_wall_4x2,-2066954473,
stoneblock_fracture,-714671739,
stonechest,-1478464920,
StoneGolem,1814827443,
stonegolem_attack1_spike,-1408658120,
StoneGolem_clubs,-1360440141,
StoneGolem_hat,-877622719,
Stonegolem_ragdoll,-1554331797,
StoneGolem_spikes,-856244001,
stubbe,595427151,
stubbe_spawner,1515889972,
sunken_crypt_gate,-339866909,
Surtling,1370511288,
SurtlingCore,-905433289,
SwampTree1,2111235755,
SwampTree1_log,998340100,
SwampTree1_Stub,-142007914,
SwampTree2,1707951228,
SwampTree2_darkland,2052455688,
SwampTree2_log,270257971,
SwordBlackmetal,660487747,
SwordBronze,995331031,
SwordCheat,1586116462,
SwordIron,-110263489,
SwordIronFire,-114512825,
SwordSilver,891097842,
Tankard,-430432277,
TankardAnniversary,1115535871,
TankardOdin,-467580905,
Tar,696030903,
TarLiquid,920931787,
tarlump1,-1406277430,
tarlump1_frac,2137671655,
TentaRoot,326210194,
tentaroot_attack,2038061211,
Thistle,-1711101149,
Thunderstone,-1340310877,
Tin,339800571,
TinOre,1742893963,
tolroko_flyer,-1028130263,
Torch,795277336,
Trailership,182695579,
TrainingDummy,892476008,
treasure_pile,-2052101304,
treasure_stack,-109499528,
TreasureChest_blackforest,1673474691,
TreasureChest_fCrypt,1396451807,
TreasureChest_forestcrypt,-494038940,
TreasureChest_heath,-1283895483,
TreasureChest_meadows,600954715,
TreasureChest_meadows_buried,1182558977,
TreasureChest_mountaincave,637000287,
TreasureChest_mountains,-161144371,
TreasureChest_plains_stone,-922407394,
TreasureChest_sunkencrypt,-190638207,
TreasureChest_swamp,887247677,
TreasureChest_trollcave,901211521,
Troll,425751481,
troll_groundslam_aoe,1705853408,
troll_log_swing_h,724671782,
troll_log_swing_v,724671788,
Troll_ragdoll,-1300355707,
troll_throw_projectile,-1742068936,
TrollHide,-1798613647,
TrophyAbomination,950444395,
TrophyBlob,744168779,
TrophyBoar,434992580,
TrophyBonemass,-823608926,
TrophyCultist,-275461056,
TrophyDeathsquito,-178752771,
TrophyDeer,1281967652,
TrophyDragonQueen,1777024751,
TrophyDraugr,255610059,
TrophyDraugrElite,224753756,
TrophyDraugrFem,2113459109,
TrophyEikthyr,-210135580,
TrophyFenring,-1862041229,
TrophyForestTroll,1490357724,
TrophyFrostTroll,1334057821,
TrophyGoblin,-1910628999,
TrophyGoblinBrute,-1059419183,
TrophyGoblinKing,-761824688,
TrophyGoblinShaman,-1390649375,
TrophyGreydwarf,1438359047,
TrophyGreydwarfBrute,520692315,
TrophyGreydwarfShaman,-1167222293,
TrophyGrowth,-1545751767,
TrophyHatchling,1489900578,
TrophyLeech,2011746767,
TrophyLox,1418882551,
TrophyNeck,-640346581,
TrophySerpent,-659296385,
TrophySGolem,394875495,
TrophySkeleton,446596857,
TrophySkeletonPoison,319457105,
TrophySurtling,1253526026,
TrophyTheElder,-7767225,
TrophyUlv,-1310001585,
TrophyWolf,1691899648,
TrophyWraith,1821410901,
tunnel_web,1473935011,
turf_roof,-174377588,
turf_roof_top,-1994750376,
turf_roof_wall,-2117703061,
Turnip,-1615314128,
TurnipSeeds,1883826970,
TurnipStew,131796573,
Ulv,-63484205,
Ulv_attack1_bite,-2106399042,
Ulv_attack2_slash,-1857559904,
Ulv_Ragdoll,2013076875,
Valkyrie,1321415847,
VegvisirShard_Bonemass,2016758402,
vertical_web,547607065,
vfx_arrowhit,-1733578089,
vfx_auto_pickup,1066770835,
vfx_barley_destroyed,1316049866,
vfx_barnacle_destroyed,1495888243,
vfx_barnacle_hit,-365758259,
vfx_barrle_destroyed,331770029,
vfx_beech_cut,468348387,
vfx_beech_small1_destroy,-127434936,
vfx_beech_small2_destroy,510000429,
vfx_beechlog_destroyed,-35451204,
vfx_beechlog_half_destroyed,-317910816,
vfx_beehive_destroyed,-470808985,
vfx_beehive_hit,976946033,
vfx_birch1_aut_cut,859572588,
vfx_birch1_cut,-1147555287,
vfx_birch2_aut_cut,-851096239,
vfx_birch2_cut,1055017368,
vfx_blastfurance_addfuel,1343538387,
vfx_blastfurnace_addore,984877513,
vfx_blastfurnace_produce,2028884154,
vfx_blob_attack,18698171,
vfx_blob_death,593299331,
vfx_blob_hit,1665989430,
vfx_blobelite_attack,1436176688,
vfx_blobtar_death,145857790,
vfx_blobtar_hit,382852373,
vfx_blocked,-886131209,
vfx_BloodDeath,1874304749,
vfx_BloodHit,-512952038,
vfx_boar_birth,1921065415,
vfx_boar_death,-318107006,
vfx_boar_hit,2086679503,
vfx_boar_love,195340900,
vfx_BonemassDeath,-1941020771,
vfx_BonemassHit,-1564202362,
vfx_bonepile_destroyed,-1211919799,
vfx_bones_pick,1565156094,
vfx_bonfire_AddFuel,1894220146,
vfx_bonfire_destroyed,-904512894,
vfx_bow_fire,-2082004790,
vfx_bowl_AddItem,-1645099656,
vfx_Burning,-404786718,
vfx_bush_destroyed,608518267,
vfx_bush_destroyed_heath,358887432,
vfx_bush_leaf_puff,1138218448,
vfx_bush_leaf_puff_heath,-2056072157,
vfx_bush2_e_hit,1106775641,
vfx_bush2_en_destroyed,1659973233,
vfx_cartograpertable_write,-1811143589,
vfx_cloth_hanging_destroyed,-395953198,
vfx_clubhit,1224459144,
vfx_CoalDestroyed,-1724176891,
vfx_CoalHit,1378946595,
vfx_coin_pile_destroyed,625439651,
vfx_coin_stack_destroyed,1245329977,
vfx_Cold,121256471,
vfx_ColdBall_Hit,1008503002,
vfx_ColdBall_launch,1718661266,
vfx_cooking_station_transform,-1234239539,
vfx_corpse_destruction_large,1848449852,
vfx_corpse_destruction_medium,510941886,
vfx_corpse_destruction_small,1555670196,
vfx_creature_soothed,-416794571,
vfx_crow_death,1768661069,
vfx_damaged_cart,-284562001,
vfx_Damaged_Karve,-1049460462,
vfx_Damaged_Raft,884897364,
vfx_Damaged_VikingShip,-2045988123,
vfx_darkland_groundfog,-1896715824,
vfx_deer_death,-1290868190,
vfx_deer_hit,-1914944657,
vfx_Destroyed_Karve,168794906,
vfx_Destroyed_Raft,-2044113848,
vfx_Destroyed_VikingShip,1181203005,
vfx_dragon_coldbreath,1034819573,
vfx_dragon_death,1273669409,
vfx_dragon_hurt,-708018736,
vfx_dragon_ice_hit,1662860094,
vfx_dragonegg_destroy,2102462628,
vfx_draugr_death,-1805750341,
vfx_draugr_hit,2105343528,
vfx_draugrpile_destroyed,-786333438,
vfx_draugrpile_hit,836768320,
vfx_DraugrSpawn,-1452023749,
vfx_edge_clouds,-602293851,
vfx_eikthyr_death,-87169824,
vfx_fenring_cultist_death,-12616560,
vfx_fenring_death,2101883415,
vfx_fenring_hurt,-837531426,
vfx_fenrirhide_hanging_destroyed,-540699250,
vfx_fermenter_add,174557517,
vfx_fermenter_tap,-228727875,
vfx_fir_oldlog,550787196,
vfx_FireAddFuel,-59626026,
vfx_FireballHit,-1734590895,
vfx_firetree_regrow,1403184098,
vfx_firetreecut,-1699433389,
vfx_firetreecut_dead,-139036264,
vfx_firetreecut_dead_abomination,-127726790,
vfx_firlogdestroyed,151805409,
vfx_firlogdestroyed_half,1880682397,
vfx_foresttroll_hit,1497395801,
vfx_ForgeAddFuel,1337401413,
vfx_Freezing,982281717,
vfx_Frost,-990890393,
vfx_frostarrow_hit,-225851562,
vfx_frosttroll_hit,-327544276,
vfx_gdking_stomp,-1006512207,
vfx_ghost_death,-1040762809,
vfx_ghost_hit,-565995904,
vfx_goblin_death,-1229125003,
vfx_goblin_hit,-1982327694,
vfx_goblin_woodwall_destroyed,-2075528908,
vfx_goblinbrute_death,-1461997707,
vfx_goblinbrute_hit,939866254,
vfx_goblinking_beam_OLD,580593833,
vfx_GoblinShield,354834569,
vfx_GodExplosion,-811131418,
vfx_greydwarf_death,1697016051,
vfx_greydwarf_elite_death,1673835157,
vfx_greydwarf_hit,213347242,
vfx_greydwarf_root_destroyed,1210601465,
vfx_greydwarf_shaman_pray,-997579616,
vfx_greydwarfnest_destroyed,1285232666,
vfx_greydwarfnest_hit,1714298628,
vfx_groundtorch_addFuel,234310646,
vfx_GuckSackDestroyed,-1900611834,
vfx_GuckSackHit,-285005240,
vfx_GuckSackSmall_Destroyed,-502557894,
vfx_Harpooned,281556695,
vfx_hatchling_death,-665211050,
vfx_hatchling_hurt,1791984981,
vfx_HealthUpgrade,528844679,
vfx_HearthAddFuel,713592094,
vfx_HitSparks,1969967266,
vfx_ice_destroyed,-477844346,
vfx_ice_destroyed_shelf,1893942415,
vfx_ice_hit,905768520,
vfx_iceblocker_destroyed,-1671524600,
vfx_ImpDeath,-1147224145,
vfx_kiln_addore,463220889,
vfx_kiln_produce,-713949142,
vfx_leech_death,1653866731,
vfx_leech_hit,-1499057998,
vfx_lever,393840463,
vfx_lootspawn,-56897708,
vfx_lox_groundslam,911060721,
vfx_lox_love,169761379,
vfx_lox_soothed,247941897,
vfx_MeadSplash,-993136993,
vfx_mill_add,1864219229,
vfx_mill_produce,-873027154,
vfx_mountainkit_chair_destroyed,1273663262,
vfx_mountainkit_table_destroyed,-1844426309,
vfx_MudDestroyed,1067466478,
vfx_MudHit,1061837716,
vfx_neck_death,939881635,
vfx_neck_hit,461345558,
vfx_oak_cut,-1049327509,
vfx_oaklogdestroyed,810109753,
vfx_oaklogdestroyed_half,-1918736987,
vfx_ocean_clouds,267788734,
vfx_odin_despawn,139151798,
vfx_offering,2119690483,
vfx_perfectblock,-1068553607,
vfx_pickable_pick,30264026,
vfx_pinelogdestroyed,1271903464,
vfx_pinelogdestroyed_half,606433836,
vfx_pinetree_regrow,-1912975828,
vfx_pinetreecut,-1028062451,
vfx_Place_bed,-1132904122,
vfx_Place_beehive,-1425267801,
vfx_Place_brazierceiling01,-188774892,
vfx_Place_cart,98119083,
vfx_Place_cauldron,-1835506573,
vfx_Place_charcoalkiln,793204114,
vfx_Place_chest,233679104,
vfx_Place_cookingstation_iron,2095980090,
vfx_Place_darkwood_gate,-414032288,
vfx_Place_digg,1247363526,
vfx_Place_forge,-882071934,
vfx_Place_Karve,-1990881174,
vfx_Place_mud_road,-986664346,
vfx_Place_oven,-1931600359,
vfx_Place_portal,1833898339,
vfx_Place_Raft,98119528,
vfx_Place_raise,-1587639081,
vfx_Place_replant,-148711009,
vfx_Place_smelter,-844306953,
vfx_Place_spinningwheel,2083408048,
vfx_Place_stone_floor,2082355887,
vfx_Place_stone_floor_2x2,-17539746,
vfx_Place_stone_wall_2x1,460429117,
vfx_Place_stone_wall_4x2,1179538052,
vfx_Place_throne02,-869703693,
vfx_Place_VikingShip,485939669,
vfx_Place_windmill,470607579,
vfx_Place_wood_beam,1407536740,
vfx_Place_wood_floor,-752405273,
vfx_Place_wood_pole,298697721,
vfx_Place_wood_roof,177738195,
vfx_Place_wood_stair,-2070887160,
vfx_Place_wood_wall,1804172929,
vfx_Place_wood_wall_half,-1695999899,
vfx_Place_wood_wall_roof,-849025734,
vfx_Place_workbench,1112160676,
vfx_player_death,1600378975,
vfx_player_hit,2114241932,
vfx_Poison,1225290243,
vfx_poisonarrow_hit,-1642631106,
vfx_Potion_health_medium,-1239285227,
vfx_Potion_stamina_medium,1971950416,
vfx_prespawn,288873395,
vfx_ProjectileHit,1252888223,
vfx_RockDestroyed,395694737,
vfx_RockDestroyed_large,-631382181,
vfx_RockDestroyed_Obsidian,-871962805,
vfx_RockHit,-730764453,
vfx_RockHit_Obsidian,661975945,
vfx_SawDust,-1195108480,
vfx_SawDust_abomination,1575895354,
vfx_seagull_death,1241359129,
vfx_serpent_attack_trigger,1487320808,
vfx_serpent_death,-1248245181,
vfx_serpent_hurt,1238827358,
vfx_shrub_2_destroyed,-408284028,
vfx_shrub_2_heath_destroyed,-1172819289,
vfx_shrub_2_hit,-1619361458,
vfx_shrub_heath_hit,-355458734,
vfx_silvermace_hit,-1516628266,
vfx_skeleton_big_death,1464964316,
vfx_skeleton_death,1966038773,
vfx_skeleton_hit,1114691826,
vfx_skeleton_mace_hit,-916784691,
vfx_sledge_hit,-849145139,
vfx_sledge_iron_hit,1136200682,
vfx_smelter_addfuel,613386663,
vfx_smelter_addore,-236669799,
vfx_smelter_produce,524856430,
vfx_Smoked,-1730929208,
vfx_spawn,1617006654,
vfx_spawn_large,-1665118250,
vfx_spawn_small,1628388642,
vfx_StaminaUpgrade,-1295196504,
vfx_standing_brazier_destroyed,362897581,
vfx_stone_floor_2x2_destroyed,-207598898,
vfx_stone_floor_destroyed,744571047,
vfx_stone_stair_destroyed,884180074,
vfx_stone_wall_4x2_destroyed,487704284,
vfx_stonegolem_attack_hit,-497397627,
vfx_stonegolem_death,649138327,
vfx_stonegolem_hurt,-1321932824,
vfx_stonegolem_wakeup,-619835584,
vfx_stubbe,-1129264550,
vfx_swamp_mist,1008438155,
vfx_swamptree_cut,-907217478,
vfx_Tared,1314778849,
vfx_torch_hit,998359095,
vfx_tree_fall_hit,-1850635673,
vfx_troll_attack_hit,-398437737,
vfx_troll_death,1715200685,
vfx_troll_groundslam,1279620163,
vfx_troll_log_hitground,-795702158,
vfx_troll_rock_destroyed,-1036826514,
vfx_turnip_grow,229884025,
vfx_ulv_death,1248443675,
vfx_UndeadBurn,-146689421,
vfx_vines_destroyed,1253313884,
vfx_walltorch_addFuel,109708603,
vfx_WaterImpact_Karve,1612136656,
vfx_WaterImpact_Raft,-837489954,
vfx_WaterImpact_VikingShip,2135074485,
vfx_Wet,953948517,
vfx_WishbonePing,1002622938,
vfx_wolf_death,416803702,
vfx_wolf_hit,-1748425933,
vfx_wood_core_stack_destroyed,-1319659911,
vfx_wood_fine_stack_destroyed,511674592,
vfx_wood_stack_destroyed,-1403761043,
vfx_wraith_death,-1525697551,
vfx_wraith_hit,-1173641826,
VikingShip,118230510,
vines,-649881157,
widestone,-2094909618,
widestone_frac,-1462463015,
windmill,-984198658,
Wishbone,1219941843,
WitheredBone,1905991362,
Wolf,1010961914,
Wolf_cub,-1969683915,
Wolf_Ragdoll,-113693526,
WolfClaw,745645583,
WolfFang,-927843224,
WolfHairBundle,-237951114,
WolfJerky,-1029078359,
WolfMeat,167698947,
WolfMeatSkewer,-1653997440,
WolfPelt,167698835,
Wood,-151837501,
wood_beam,-1109248277,
wood_beam_1,-155126795,
wood_beam_26,1332601932,
wood_beam_45,1735886465,
wood_core_stack,-1421478172,
wood_door,692106840,
wood_dragon1,775398114,
wood_fence,-2081117101,
wood_fine_stack,719595997,
wood_floor,-1045925142,
wood_floor_1x1,-745132593,
wood_gate,1007930775,
wood_ledge,364666255,
wood_log_26,581611607,
wood_log_45,-224957444,
wood_pole,1142703842,
wood_pole_log,-1424233331,
wood_pole_log_4,1024658248,
wood_pole2,524618856,
wood_roof,-1626585462,
wood_roof_45,-877641284,
wood_roof_icorner,-1076788695,
wood_roof_icorner_45,1132532351,
wood_roof_ocorner,-1076581777,
wood_roof_ocorner_45,1139360637,
wood_roof_top,2141320638,
wood_roof_top_45,-598122136,
wood_stack,-2139848760,
wood_stair,945264965,
wood_stepladder,-354552934,
wood_wall_half,-1000346356,
wood_wall_log,-886156835,
wood_wall_log_4x0.5,214591025,
wood_wall_quarter,622849921,
wood_wall_roof,1882996769,
wood_wall_roof_45,-1218250357,
wood_wall_roof_45_upsidedown,618430194,
wood_wall_roof_top,437925541,
wood_wall_roof_top_45,-1199392921,
wood_wall_roof_upsidedown,1974160938,
wood_window,-1138351504,
woodiron_beam,-1499117535,
woodiron_pole,-2023619468,
woodwall,-523056075,
Wraith,68955605,
wraith_melee,-1764301166,
YagluthDrop,-609016745,
YmirRemains,176995072,
