hash,prefab name
-40120423, _eventzone_boss_base
-367065113, _TerrainCompiler
1703108136, _ZoneCtrl
2095123679, Abomination
1382552281, Abomination_attack1
1382552278, Abomination_attack2
1382552279, Abomination_attack3
-1559908641, Abomination_ragdoll
-2047937207, Acorn
-1570747403, Amber
-1844493069, AmberPearl
-588675353, ancientbarkspear_projectile
-500516295, AncientSeed
391153472, aoe_nova
-524840022, ArmorBronzeChest
-1070975544, ArmorBronzeLegs
349244329, ArmorFenringChest
1068454321, ArmorFenringLegs
-77418440, ArmorIronChest
855433562, ArmorIronLegs
1842977441, ArmorLeatherChest
-129361023, ArmorLeatherLegs
-2102914493, ArmorPaddedCuirass
-1316976302, ArmorPaddedGreaves
-1873790835, ArmorRagsChest
-1807008579, ArmorRagsLegs
973754414, ArmorRootChest
1839036508, ArmorRootLegs
1580161127, ArmorStand
826840908, ArmorStand_Female
639316453, ArmorStand_Male
-1722809642, ArmorTrollLeatherChest
-560834156, ArmorTrollLeatherLegs
-914594978, ArmorWolfChest
-1695215220, ArmorWolfLegs
2137518083, ArrowBronze
-1917784535, ArrowFire
-843447246, ArrowFlint
-641933831, ArrowFrost
-1003810285, ArrowIron
1981231808, ArrowNeedle
343761714, ArrowObsidian
-1215929287, ArrowPoison
799199670, ArrowSilver
-782094582, ArrowWood
275694258, AtgeirBlackmetal
-971799304, AtgeirBronze
-1697777810, AtgeirIron
1694548656, AxeBlackMetal
-533689078, AxeBronze
-1468314591, AxeFlint
1790496580, AxeIron
-1779108881, AxeStone
294912805, Barley
-1702506509, BarleyFlour
-1380373382, BarleyWine
113986677, BarleyWineBase
2034747966, barrell
696030471, Bat
-1913972066, bat_melee
1943723324, Battleaxe
-1994118106, BattleaxeCrystal
-1273339005, bed
-1791758602, bee_aoe
837895808, beech_log
-624406308, beech_log_half
1170585794, Beech_Sapling
865557360, Beech_small1
1268841887, Beech_small2
747762302, Beech_Stub
-493262268, Beech1
1912302441, BeechSeeds
185590564, Beehive
-460902046, BeltStrength
-1411911791, Birch_log
1868061717, Birch_log_half
-646762577, Birch_Sapling
-427486029, Birch1
816500238, Birch1_aut
-1993569970, Birch2
-789472993, Birch2_aut
-601117714, BirchSeeds
-1425208488, BirchStub
-94314950, BlackForestLocationMusic
-535733020, BlackMetal
1762081833, BlackMetalScrap
388599790, BlackSoup
1048742812, blastfurnace
829393023, Blob
1122333731, blob_aoe
-249968000, BlobElite
1909245568, BlobTar
-1079891863, blobtar_projectile_tarball
248299036, Bloodbag
-1293151425, BloodPudding
583402574, Blueberries
1998010392, BlueberryBush
-1670867714, Boar
1076559013, Boar_piggy
832544534, boar_ragdoll
150066261, BoarJerky
-96710263, BombOoze
1190462933, BoneFragments
-146537656, Bonemass
-741676700, bonemass_aoe
1289546541, bonemass_throw_projectile
1577361568, BonePileSpawner
-999191493, bonfire
-1521109453, BossStone_Bonemass
1216631312, BossStone_DragonQueen
-1399780559, BossStone_Eikthyr
-1784287464, BossStone_TheElder
-636214073, BossStone_Yagluth
1502599522, Bow
1261559868, bow_projectile
-1686607761, bow_projectile_fire
-755455001, bow_projectile_frost
-1829892894, bow_projectile_needle
752202755, bow_projectile_poison
-1470815101, BowDraugrFang
1304037785, BowFineWood
1410944776, BowHuntsman
1185250548, Bread
-787066183, BreadDough
-630222754, Bronze
-1729390917, BronzeNails
2013693133, bronzespear_projectile
-29074708, bucket
548904977, Bush01
-1798873102, Bush01_heath
-136568224, Bush02_en
1624045309, CapeDeerHide
-1893623813, CapeLinen
1726435208, CapeLox
-320326905, CapeOdin
1790203521, CapeTest
-1068315380, CapeTrollHide
-2108127691, CapeWolf
-366938831, CargoCrate
1209145989, Carrot
-743867699, CarrotSeeds
248039118, CarrotSoup
49675204, Cart
-1807421665, CastleKit_braided_box01
709785924, CastleKit_brazier
1477467946, CastleKit_groundtorch
-524464010, CastleKit_groundtorch_green
1814971431, CastleKit_groundtorch_unlit
1312507201, CastleKit_metal_groundtorch_unlit
206059549, CastleKit_pot03
-1284852450, cauldron_ext1_spice
-1932932113, cauldron_ext3_butchertable
1470713869, cauldron_ext4_pots
-150393364, caverock_ice_pillar_wall
-2053541920, caverock_ice_stalagmite
-1349061296, caverock_ice_stalagmite_broken
1935032255, caverock_ice_stalagmite_destruction
-494364525, caverock_ice_stalagtite
-691410382, caverock_ice_stalagtite_destruction
-15162285, caverock_ice_stalagtite_falling
-481743960, caverock_ice_wall_destruction
1534575709, Chain
816862660, charcoal_kiln
-696914899, Chest
-91716071, Chitin
-1049634774, cloth_hanging_door
-691115746, cloth_hanging_door_double
1773356668, cloth_hanging_long
-1899504733, Cloudberry
940750515, CloudberryBush
829393066, Club
204392453, Coal
1803366038, coal_pile
1554778960, Coins
-1559009424, CookedDeerMeat
-687491193, CookedLoxMeat
-90783900, CookedMeat
-1357090580, CookedWolfMeat
1428605659, Copper
1868171867, CopperOre
903556745, Crow
1014536855, CryptKey
908712672, Crystal
650075310, crystal_wall_1x1
-1005613019, cultivate
-1130499279, Cultivator
1288940892, Dandelion
463424268, darkwood_arch
-840537217, darkwood_beam
-791142009, darkwood_beam4x4
1429703979, darkwood_decowall
1276642083, darkwood_gate
-1351226314, darkwood_pole
-1211998438, darkwood_pole4
1646817558, darkwood_raven
255263578, darkwood_roof
-1271098328, darkwood_roof_45
-1737626015, darkwood_roof_icorner
740898699, darkwood_roof_icorner_45
-1737832933, darkwood_roof_ocorner
734070413, darkwood_roof_ocorner_45
360656326, darkwood_roof_top
1645551772, darkwood_roof_top_45
-403494760, darkwood_wolf
1619070209, dead_deer
-1609638819, Deathsquito
-361803535, Deathsquito_sting
291594142, Deer
-555931738, deer_ragdoll
648911439, DeerGodExplosion
705284766, DeerHide
-1519557673, DeerMeat
-1170233273, DeerStew
497418925, DG_Cave
-1277205767, DG_ForestCrypt
322846882, DG_GoblinCamp
-1118485742, DG_MeadowsFarm
797712294, DG_MeadowsVillage
-446811472, DG_SunkenCrypt
-2000248195, digg
-1544763428, digg_v2
-408509179, Dragon
-1680081557, dragon_ice_projectile
-1736688790, DragonEgg
1178524842, dragoneggcup
-1719994617, DragonTear
505464631, Draugr
1799389161, draugr_arrow
-896645116, draugr_axe
-1488146288, draugr_bow
1671731874, draugr_bow_projectile
437915453, Draugr_Elite
124978337, Draugr_elite_ragdoll
1394133807, Draugr_ragdoll
515141415, Draugr_Ranged
-2052189689, Draugr_ranged_ragdoll
1986762565, draugr_sword
-1481786749, dungeon_forestcrypt_door
-647334815, dungeon_sunkencrypt_irongate
-938588874, Eikthyr
-82703974, eikthyr_ragdoll
938726216, ElderBark
-1985632376, Entrails
-1796573617, eventzone_bonemass
641614345, eventzone_eikthyr
-1815933211, eventzone_gdking
-630804645, eventzone_goblinking
-264209140, eventzone_moder
-2106312224, EvilHeart_Forest
552253847, EvilHeart_Swamp
1317085082, Eyescream
-1792723966, Feathers
1388670159, Fenring
-2089404025, Fenring_attack_flames_aoe
-1237836442, Fenring_Cultist
1571536938, Fenring_cultist_ragdoll
-870478745, Fenring_ragdoll
388131667, fenrirhide_hanging
-1305303832, fenrirhide_hanging_door
-931391920, fermenter
212315135, FineWood
183471488, FirCone
399713608, fire_pit
-1931516595, FireFlies
1185163063, FirTree
-1147276818, FirTree_log
-755748398, FirTree_log_half
1051479931, FirTree_oldLog
-2139814576, FirTree_Sapling
888684615, FirTree_small
-367866354, FirTree_small_dead
-2025597564, FirTree_Stub
109649205, Fish1
109649206, Fish2
109649207, Fish3
58693868, Fish4_cave
-1292410483, FishCooked
2120058096, FishingBait
2095458909, FishingRod
-2128965567, FishingRodFloat
1255402074, FishingRodFloatProjectile
-535377778, FishRaw
-1650135981, FishWraps
-1721646831, FistFenrirClaw
-1619429742, Flametal
-22163406, FlametalOre
1635961943, Flax
-1711908779, Flies
-952393887, Flint
1600360364, flintspear_projectile
-1530372843, forge
-18266612, forge_ext1
-421551139, forge_ext2
1144532802, forge_ext3
385017915, forge_ext4
1951101856, forge_ext5
1547817329, forge_ext6
-2107335129, FreezeGland
1491287432, FrostCavesShrineReveal
-863359251, fx_Abomination_arise
500888217, fx_Abomination_arise_end
1086573447, fx_Abomination_attack_hit
1753165102, fx_Abomination_attack1
-431820145, fx_Abomination_attack1_start
840131048, fx_Abomination_attack1_trailon
1349880575, fx_Abomination_attack2
1651023775, fx_Abomination_attack2_lift
-27091948, fx_Abomination_attack2_start
-1379002780, fx_Abomination_attack3
-812819815, fx_Abomination_attack3_start
-1668628040, fx_ArmorStand_pick
513540838, fx_backstab
2112410193, fx_bat_death
-1854382242, fx_bat_hit
2138920922, fx_blobtar_tarball_hit
1284548697, fx_boar_pet
-132707708, fx_Bonemass_aoe_start
1367755680, fx_creature_tamed
1083439213, fx_crit
-1115480558, fx_crystal_destruction
521449968, fx_deathsquito_hit
-957960149, fx_deatsquito_death
1159596902, fx_dragon_land
1358135697, fx_drown
96144440, fx_eikthyr_forwardshockwave
-311152809, fx_eikthyr_stomp
27262405, fx_fenring_flames
1054502638, fx_float_hitwater
-1790688672, fx_float_nibble
727170115, fx_gdking_rootspawn
-1070004643, fx_goblinbrute_groundslam
917183013, fx_goblinking_beam_hit
-1899360684, fx_goblinking_death
1274496653, fx_goblinking_hit
-882794760, fx_goblinking_meteor_hit
977083296, fx_goblinking_nova
-29779998, fx_GoblinShieldBreak
1378191352, fx_GoblinShieldHit
1210376161, fx_GP_Activation
-1064502302, fx_GP_Player
-964066384, fx_GP_Stone
504146489, fx_guardstone_activate
-854606842, fx_guardstone_deactivate
-842656812, fx_guardstone_permitted_add
763516691, fx_guardstone_permitted_removed
168056958, fx_hottub_addwood
-1417255809, fx_icefloor_destruction
-469159059, fx_icicle_destruction
1907076913, fx_leviathan_leave
-1908485725, fx_leviathan_reaction
-590558407, fx_Lightning
-1556292783, fx_lox_death
-13297202, fx_lox_hit
504556970, fx_lox_pet
-117748084, fx_lox_tamed
1238354849, fx_loxcalf_death
463296512, fx_oven_add_food
463297073, fx_oven_add_wood
-1157562916, fx_oven_produce
-1445195853, fx_Potion_frostresist
-1094090678, fx_Puke
1140086335, fx_shaman_fireball_expl
-430233955, fx_shaman_protect
778331988, fx_sw_addflax
26707384, fx_sw_produce
-293996892, fx_tar_bubbles
-1301911090, fx_tentaroot_death
-612587032, fx_tombstone_destroyed
-550679782, fx_totem_destroyed
1213446712, fx_vines_hit
350984073, fx_WaterImpact_Big
287754685, fx_wolf_pet
-2101309657, gd_king
-811560274, gdking_Ragdoll
696105667, gdking_root_projectile
-696918929, Ghost
-1457187493, GlowingMushroom
-137741679, Goblin
2045908432, goblin_banner
-1998259239, goblin_bed
608207097, Goblin_Dragdoll
950265897, goblin_fence
133115456, goblin_pole
440394388, goblin_pole_small
654372746, goblin_roof_45d
-696037094, goblin_roof_45d_corner
842587907, goblin_roof_cap
-1788665696, goblin_stairs
70596228, goblin_stepladder
-164406293, goblin_totempole
-216645858, goblin_woodwall_1m
-216645857, goblin_woodwall_2m
2020886964, goblin_woodwall_2m_ribs
-1508843442, GoblinArcher
1639499022, GoblinArmband
-939999423, GoblinBrute
801523509, GoblinBrute_ArmGuard
1626038296, GoblinBrute_Attack
-1141183846, GoblinBrute_Backbones
1057188125, GoblinBrute_ExecutionerCap
-1678144185, GoblinBrute_HipCloth
-1023139695, GoblinBrute_LegBones
195844421, GoblinBrute_ragdoll
1750141103, GoblinBrute_RageAttack
886640797, GoblinBrute_ShoulderGuard
422634212, GoblinBrute_Taunt
1243528541, GoblinClub
-1372598740, GoblinHelmet
-221799126, GoblinKing
-1183704758, GoblinKing_ragdoll
-1299706766, goblinking_totemholder
606128236, GoblinLegband
-1182826951, GoblinLoin
-315180887, GoblinShaman
562187776, GoblinShaman_attack_poke
454410833, GoblinShaman_Headdress_antlers
-776894186, GoblinShaman_Headdress_feathers
58584771, GoblinShaman_projectile_fireball
693601149, GoblinShaman_protect_aoe
-1610435819, GoblinShaman_ragdoll
1167933866, GoblinShaman_Staff_Bones
-1055192031, GoblinShaman_Staff_Feathers
-132972994, GoblinShoulders
552197258, GoblinSpear
740613604, GoblinSpear_projectile
-1000332366, GoblinSword
1923162683, GoblinTorch
-1209005522, GoblinTotem
1126707611, Greydwarf
-1374218359, Greydwarf_Elite
-1011209571, Greydwarf_elite_ragdoll
605908579, Greydwarf_ragdoll
-1510980060, Greydwarf_Root
762782418, Greydwarf_Shaman
-792591186, Greydwarf_Shaman_ragdoll
-340666050, Greydwarf_throw_projectile
-826622060, GreydwarfEye
-50960667, Greyling
1354298625, Greyling_ragdoll
-1024209535, guard_stone
783188550, guard_stone_test
177541128, Guck
-2040480890, GuckSack
-914926950, GuckSack_small
375476424, Haldor
200814284, Hammer
-1418004192, hanging_hairstrands
1712371231, HardAntler
-729507656, Hatchling
-835209289, hatchling_cold_projectile
-789524728, Hatchling_ragdoll
-1717780267, HealthUpgrade_Bonemass
-1387001121, HealthUpgrade_GDKing
656210618, hearth
-2132038161, HeathRockPillar
-328261538, HeathRockPillar_frac
1813259955, HelmetBronze
1408519140, HelmetDrake
703889544, HelmetDverger
-178897214, HelmetFenring
2113728123, HelmetIron
70008852, HelmetLeather
-1421560593, HelmetMidsummerCrown
-204964095, HelmetOdin
1885444557, HelmetPadded
-1119196061, HelmetRoot
1503400855, HelmetTrollLeather
1213051262, HelmetYule
-1383558263, highstone
-1305625596, highstone_frac
1502599834, Hoe
1601842181, Honey
193150005, horizontal_web
-832142516, HugeRoot1
-1448864844, Ice_floor
-1169366101, Ice_floor_fractured
343637466, ice_rock1
1448015437, ice_rock1_frac
1017608796, ice1
492655805, IceBlocker
-1372761134, Imp_fireball_projectile
-1876813566, incinerator
1400949664, Iron
-1904833886, iron_floor_1x1
-479912446, iron_floor_2x2
-2019670596, iron_grate
424208618, iron_wall_1x1
424208778, iron_wall_2x2
584343451, IronNails
411615136, IronOre
1511877305, IronScrap
-1235119491, itemstand
1822362821, itemstandh
-1313065786, jute_carpet
502052093, JuteRed
-925528333, Karve
1961661821, KnifeBlackMetal
1365582486, KnifeButcher
-505018634, KnifeChitin
1410911030, KnifeCopper
-1567646802, KnifeFlint
-1378519326, KnifeSilver
1490625731, LeatherScraps
-1537236269, Leech
-98355895, Leech_cave
1332964068, Leviathan
-1940000293, lightningAOE
-1376039418, LinenThread
-313992107, LocationProxy
-323903440, loot_chest_stone
143869018, loot_chest_wood
2067969702, LootSpawner_pineforest
1502599715, Lox
2032626552, Lox_Calf
886454387, lox_ragdoll
-1181455604, lox_ribs
433303229, lox_stomp_aoe_OLD
128389279, loxcalf_ragdoll
1273492894, LoxMeat
702453006, LoxPelt
16727443, LoxPie
2035010361, LoxPieUncooked
1042173684, MaceBronze
-2074455458, MaceIron
1646123621, MaceNeedle
-589925683, MaceSilver
-1738390869, marker01
-1335106342, marker02
1001949628, MeadBaseFrostResist
-337119751, MeadBaseHealthMedium
2092877623, MeadBaseHealthMinor
196470766, MeadBasePoisonResist
279948666, MeadBaseStaminaMedium
-1061353886, MeadBaseStaminaMinor
1894904111, MeadBaseTasty
647021439, MeadFrostResist
-1416734660, MeadHealthMedium
920031124, MeadHealthMinor
-1382234189, MeadPoisonResist
-1060658883, MeadStaminaMedium
-1149314721, MeadStaminaMinor
-996243444, MeadTasty
-1219034992, MinceMeatSauce
723343212, MineRock_Copper
-922930389, MineRock_Iron
-971628607, MineRock_Meteorite
820355464, MineRock_Obsidian
-1789907722, MineRock_Stone
-1882492588, MineRock_Tin
268544908, MountainGraveStone01
-42805769, MountainKit_brazier
-1770394629, mountainkit_chair
972026940, mountainkit_table
1604827893, MountainKit_wood_gate
463677683, mud_road
-165023748, mudpile
-42517997, mudpile_beacon
-1189190447, mudpile_frac
-1480591642, mudpile_old
1756993846, mudpile2
-47303797, mudpile2_frac
-1961898040, Mushroom
660592112, MushroomBlue
-115856560, MushroomYellow
-2081058657, Neck
-152497, Neck_Ragdoll
-1398896717, NeckTail
-1094347100, NeckTailGrilled
1523164967, Needle
-1822460498, Oak_log
719041002, Oak_log_half
-172929820, Oak_Sapling
735284842, Oak1
1457518369, OakStub
-215580535, Obsidian
1313230286, odin
-1278775552, OLD_wood_roof
-495402031, OLD_wood_roof_icorner
-495338349, OLD_wood_roof_ocorner
-1083140140, OLD_wood_roof_top
1928745705, OLD_wood_wall_roof
-1315263071, Onion
1180314225, OnionSeeds
1592016380, OnionSoup
1414246171, Ooze
-551548701, oozebomb_explosion
-272518761, oozebomb_projectile
-1919693987, path
456394941, paved_road
-739875783, Pickable_Barley
-494395474, Pickable_Barley_Wild
1644571806, Pickable_BogIronOre
2035819856, Pickable_Branch
600686073, Pickable_Carrot
16756586, Pickable_Dandelion
1500324956, Pickable_DolmenTreasure
-321593056, Pickable_DragonEgg
-524508767, Pickable_Fishingrod
-1182933197, Pickable_Flax
1325033780, Pickable_Flax_Wild
-1217738099, Pickable_Flint
-2081011024, Pickable_ForestCryptRandom
449644523, Pickable_ForestCryptRemains01
449644526, Pickable_ForestCryptRemains02
449644525, Pickable_ForestCryptRemains03
449644520, Pickable_ForestCryptRemains04
-397428878, Pickable_Hairstrands01
5855649, Pickable_Hairstrands02
-477120423, Pickable_Item
445972681, Pickable_MeatPile
-1081635004, Pickable_Meteorite
299318408, Pickable_MountainCaveCrystal
-1115391601, Pickable_MountainCaveObsidian
478105205, Pickable_MountainCaveRandom
-1816579317, Pickable_MountainRemains01_buried
1520650186, Pickable_Mushroom
-1843622859, Pickable_Mushroom_blue
-1342135541, Pickable_Mushroom_yellow
-1991911291, Pickable_Obsidian
959601677, Pickable_Onion
-1117014999, Pickable_RandomFood
1405222666, Pickable_SeedCarrot
539751898, Pickable_SeedOnion
1947547595, Pickable_SeedTurnip
-1471593253, Pickable_Stone
849594011, Pickable_SunkenCryptRandom
2014622831, Pickable_SurtlingCoreStand
908600739, Pickable_Tar
412021611, Pickable_TarBig
1175276079, Pickable_Thistle
-2129458801, Pickable_Tin
412034074, Pickable_Turnip
-961424307, PickaxeAntler
-1585937997, PickaxeBronze
915836683, PickaxeIron
1083748678, PickaxeStone
1642546285, piece_artisanstation
420204856, piece_banner01
823489383, piece_banner02
-742594558, piece_banner03
16920329, piece_banner04
-1549163612, piece_banner05
-1145879085, piece_banner06
1583004270, piece_banner07
-1952448139, piece_banner08
776435216, piece_banner09
1986288798, piece_banner10
420204857, piece_banner11
2109981969, piece_bathtub
2024210682, piece_bed02
28120085, piece_beehive
-2122807554, piece_bench01
997718274, piece_brazierceiling01
-1758232271, piece_brazierfloor01
-164515435, piece_cartographytable
-1652490355, piece_cauldron
-637414342, piece_chair
-1717421956, piece_chair02
-1717421957, piece_chair03
-1443983522, piece_chest
1417076401, piece_chest_blackmetal
698259470, piece_chest_private
-475222070, piece_chest_treasure
328745978, piece_chest_wood
-1046192253, piece_cloth_hanging_door
1430888227, piece_cookingstation
778038248, piece_cookingstation_iron
-1181865690, piece_gift1
-1181865689, piece_gift2
-1181865688, piece_gift3
261914232, piece_groundtorch
1441955863, piece_groundtorch_blue
-1296288316, piece_groundtorch_green
1744483228, piece_groundtorch_wood
232336033, piece_jackoturnip
-1214978310, piece_logbench01
-780564436, piece_maypole
2024246663, piece_oven
1059480620, piece_sharpstakes
411883698, piece_spinningwheel
-34430377, piece_stonecutter
915094071, piece_table
-1159820015, piece_table_oak
441267892, piece_table_round
743791676, piece_throne01
340507149, piece_throne02
1038085717, piece_walltorch
-958010034, piece_workbench
1017582937, piece_workbench_ext1
1420867464, piece_workbench_ext2
-145216477, piece_workbench_ext3
614298410, piece_workbench_ext4
-1443700678, piece_xmastree
1779180581, PineCone
1295600320, PineTree
797319082, Pinetree_01
364904293, Pinetree_01_Stub
1111243907, PineTree_log
1016303223, PineTree_log_half
749341040, PineTree_log_halfOLD
-1636733362, PineTree_logOLD
-1134441643, PineTree_Sapling
1875862075, Player
-1124029525, Player_ragdoll
751687535, Player_ragdoll_old
-1558312669, Player_tombstone
-442047277, PlayerUnarmed
-1495166496, portal
-661882940, portal_wood
-225359483, projectile_beam
-570735290, projectile_chitinharpoon
286479006, projectile_meteor
-870216900, projectile_wolffang
-836947401, Pukeberries
-1533933068, QueenBee
-474798661, QueensJam
49675681, Raft
-1685068370, raise
1479220028, Raspberry
1809630058, RaspberryBush
-666181511, RawMeat
-2120318468, replant
-730656777, Resin
1172889253, Rock_3
1649426798, Rock_3_frac
1576173780, Rock_4
-2040381836, Rock_4_plains
-1152709575, Rock_7
112360646, Rock_destructible
-447136041, Rock_destructible_test
-1396233392, rock1_mountain
-496513311, rock1_mountain_frac
-1865631054, rock2_heath
-1268964283, rock2_heath_frac
-1397136109, rock2_mountain
1422273664, rock2_mountain_frac
-1398465710, rock3_mountain
884909855, rock3_mountain_frac
297427804, rock3_silver
-990678761, rock3_silver_frac
-790658592, rock4_coast
1039259597, rock4_coast_frac
-1552092171, rock4_copper
912150108, rock4_copper_frac
1707947207, rock4_forest
1082202028, rock4_forest_frac
-1865985940, rock4_heath
-1655434869, rock4_heath_frac
1396764178, RockDolmen_1
1800048705, RockDolmen_2
233964764, RockDolmen_3
571199914, RockFinger
-171548199, RockFinger_frac
414646403, RockFingerBroken
1140737056, RockFingerBroken_frac
1524190963, rockformation1
-1854838197, RockThumb
-233084190, RockThumb_frac
-864298130, Root
144829813, root07
-258454714, root08
951398868, root11
548114341, root12
-476284625, RottenMeat
-413278252, RoundLog
2052801890, Ruby
1761585513, rug_deer
1569410630, rug_fur
-698527959, rug_wolf
-671861700, SaddleLox
967280542, sapling_barley
1780505228, sapling_carrot
1079411440, sapling_flax
-364092232, sapling_onion
219934075, sapling_seedcarrot
-1390589197, sapling_seedonion
-1250573360, sapling_seedturnip
310026689, sapling_turnip
1580132118, Sausages
1469476749, Seagal
1671717323, Serpent
-370330082, SerpentMeat
865616331, SerpentMeatCooked
-1569517817, SerpentScale
-1781955618, SerpentStew
318619260, sfx_Abomination_attack
-472153373, sfx_Abomination_Attack2_slam_whoosh
85954002, sfx_Abomination_swing
2116918345, sfx_arrow_hit
-9823443, sfx_atgeir_attack
1119253240, sfx_atgeir_attack_secondary
-1785312200, sfx_axe_flint_hit
1674650800, sfx_axe_hit
1525903873, sfx_axe_swing
2017903409, sfx_barley_hit
-287013000, sfx_barnacle_destroyed
-1056847255, sfx_bat_alerted
1641770234, sfx_bat_attack
-1204919892, sfx_bat_idle
-282875050, sfx_battleaxe_hit
-445258974, sfx_battleaxe_swing_start
1475499163, sfx_battleaxe_swing_wosh
1742233836, sfx_beehive_destroyed
1096880206, sfx_beehive_hit
1632142469, sfx_blob_alerted
148104278, sfx_blob_attack
-1615338232, sfx_blob_death
1859362075, sfx_blob_hit
442506800, sfx_blob_idle
139978274, sfx_blob_jump
-1602192272, sfx_blobtar_attack_spit
679310017, sfx_blobtar_idle
1128738514, sfx_boar_alerted
2121021919, sfx_boar_attack
-287580596, sfx_boar_birth
1768214527, sfx_boar_death
-2014915412, sfx_boar_hit
601266887, sfx_boar_idle
-2013304865, sfx_boar_love
185328793, sfx_bomb_throw
1294883521, sfx_Bonemass_alert
2046458303, sfx_Bonemass_death
980760610, sfx_Bonemass_Hit
-491656505, sfx_Bonemass_idle
-1605529788, sfx_bonepile_destroyed
-643696903, sfx_bones_pick
-1901670101, sfx_bow_draw
-1888631953, sfx_bow_fire
-2097698275, sfx_bow_fire_silent
-1515693285, sfx_bowl_AddItem
1257287840, sfx_build_cultivator
-1278010020, sfx_build_hammer_crystal
2097750009, sfx_build_hammer_default
280157711, sfx_build_hammer_metal
-1311934539, sfx_build_hammer_stone
-2011991903, sfx_build_hammer_wood
-699454731, sfx_build_hoe
-1065983654, sfx_bush_hit
227256914, sfx_cart_hit
-72591688, sfx_chest_close
-1129500684, sfx_chest_open
296086892, sfx_claw_swing
1859348788, sfx_club_hit
180601353, sfx_club_swing
956240876, sfx_coins_destroyed
-1890597475, sfx_coins_pile_destroyed
-1022715103, sfx_coins_pile_placed
1987656624, sfx_coins_placed
1597637767, sfx_cooking_station_burnt
-1771031886, sfx_cooking_station_done
-440219305, sfx_cooking_station_take
-331212374, sfx_creature_consume
-442618672, sfx_crow_death
1259899960, sfx_deathsquito_attack
-357044922, sfx_deer_alerted
786261919, sfx_deer_death
184170615, sfx_deer_idle
2120243119, sfx_dodge
-812720353, sfx_dragon_alerted
-2106959121, sfx_dragon_coldball_explode
448545629, sfx_dragon_coldball_launch
-626665322, sfx_dragon_coldball_start
2128287383, sfx_dragon_coldbreath_start
-238966068, sfx_dragon_coldbreath_trailon
1090343548, sfx_dragon_death
-891344597, sfx_dragon_hurt
-1650858748, sfx_dragon_idle
-1804404888, sfx_dragon_melee_hit
1936230299, sfx_dragon_melee_start
1061380211, sfx_dragon_scream
52560671, sfx_dragonegg_destroy
1448680921, sfx_draugr_alerted
-1989076202, sfx_draugr_death
-112770717, sfx_draugr_hit
-419194450, sfx_draugr_idle
-1876585691, sfx_draugrpile_destroyed
-920114813, sfx_draugrpile_hit
-1626280682, sfx_DraugrSpawn
-1371474352, sfx_eat
-1120079577, sfx_eikthyr_alert
-138843163, sfx_eikthyr_death
789326860, sfx_eikthyr_hit
-1976095907, sfx_eikthyr_idle
1387578946, sfx_equip
1204475865, sfx_equip_start
-1862261727, sfx_fenring_alerted
342632397, sfx_fenring_claw_hit
1227596662, sfx_fenring_claw_start
590949502, sfx_fenring_claw_trailstart
726801436, sfx_fenring_death
-780440161, sfx_fenring_fireclaw
-1210864460, sfx_fenring_howl
536788148, sfx_fenring_idle
-2025415501, sfx_fenring_jump_start
42596973, sfx_fenring_jump_trailstart
-227508653, sfx_fenring_jump_trigger
-1504196720, sfx_fermenter_add
-1907481662, sfx_fermenter_tap
-544513927, sfx_FireAddFuel
769769393, sfx_fishingrod_linebreak
1243570260, sfx_fishingrod_swing
1977532003, sfx_fist_metal_blocked
919660713, sfx_Frost_Start
-1849978965, sfx_gdking_alert
286111049, sfx_gdking_death
603150001, sfx_gdking_idle
-371166203, sfx_gdking_punch
-2047078594, sfx_gdking_rock_destroyed
-669580346, sfx_gdking_scream
1621948229, sfx_gdking_shoot_start
-1858890103, sfx_gdking_shoot_trigger
-2000700602, sfx_gdking_spawn
-1268036788, sfx_gdking_stomp
-1797734528, sfx_ghost_alert
-698369758, sfx_ghost_attack
1668762708, sfx_ghost_attack_hit
-1293429652, sfx_ghost_death
62237157, sfx_ghost_hurt
122846068, sfx_ghost_idle
957066015, sfx_goblin_alerted
-1484016104, sfx_goblin_death
92356725, sfx_goblin_hit
298715040, sfx_goblin_idle
209539363, sfx_goblinbrute_alerted
-436006683, sfx_goblinbrute_clubhit
-790848394, sfx_goblinbrute_clubswing
1813676922, sfx_goblinbrute_death
-1694032143, sfx_goblinbrute_hit
1731195420, sfx_goblinking_beam
363874217, sfx_goblinking_taunt
324164379, sfx_GoblinShaman_alerted
-1202814254, sfx_GoblinShaman_death
-512484755, sfx_GoblinShaman_fireball_launch
-840257425, sfx_GoblinShaman_hurt
1888625450, sfx_GoblinShaman_idle
869677353, sfx_greydwarf_alerted
1675311800, sfx_greydwarf_attack
-1632421286, sfx_greydwarf_attack_hit
-1447958386, sfx_greydwarf_death
1560640839, sfx_greydwarf_elite_alerted
-1245172204, sfx_greydwarf_elite_attack
-1424600366, sfx_greydwarf_elite_death
-272788038, sfx_greydwarf_elite_idle
768797863, sfx_greydwarf_hit
518810534, sfx_greydwarf_idle
698141549, sfx_greydwarf_shaman_attack
-921150635, sfx_greydwarf_shaman_heal
-1806562545, sfx_greydwarf_stone_hit
-1038008944, sfx_greydwarf_throw
-2107531651, sfx_greydwarfnest_destroyed
1009431615, sfx_greydwarfnest_hit
36140811, sfx_greyling_alerted
-309914534, sfx_greyling_attack
-160017500, sfx_greyling_death
933333521, sfx_greyling_hit
-1568237828, sfx_greyling_idle
1741169793, sfx_GuckSackDestroyed
-233871765, sfx_GuckSackHit
362390805, sfx_gui_craftitem
1448794450, sfx_gui_craftitem_cauldron
-1871015160, sfx_gui_craftitem_cauldron_end
-1488968663, sfx_gui_craftitem_end
-1252768741, sfx_gui_craftitem_forge
-1845774265, sfx_gui_craftitem_forge_end
443759629, sfx_gui_craftitem_workbench
879403129, sfx_gui_craftitem_workbench_end
-1701226344, sfx_gui_repairitem_forge
922799634, sfx_gui_repairitem_workbench
35942974, sfx_haldor_greet
-1346573826, sfx_haldor_laugh
-111516482, sfx_haldor_yea
1199232568, sfx_hatchling_alerted
-1823965796, sfx_hatchling_coldball_explode
-1782709912, sfx_hatchling_coldball_launch
1547577083, sfx_hatchling_coldball_start
-558295565, sfx_hatchling_death
-11215269, sfx_hatchling_idle
-2057165472, sfx_hatcling_hurt
-1015244101, sfx_hit
1212214977, sfx_ice_destroyed
1099069099, sfx_ice_hit
-228445012, sfx_imp_alerted
518456693, sfx_imp_death
232946994, sfx_imp_fireball_explode
-310863970, sfx_imp_fireball_launch
1565498190, sfx_imp_hit
-1081772602, sfx_jump
512263924, sfx_kiln_addore
-664898105, sfx_kiln_produce
21597614, sfx_knife_swing
484569737, sfx_land
988384127, sfx_land_water
-1181261327, sfx_leech_alerted
1501365952, sfx_leech_attack
-2045834926, sfx_leech_attack_hit
1479879878, sfx_leech_death
578078319, sfx_leech_hit
102110366, sfx_leech_idle
2020511185, sfx_lootspawn
-1863847711, sfx_lox_alerted
468474163, sfx_lox_attack_bite
-145504576, sfx_lox_attack_stomp
2072191495, sfx_lox_shout
-469793791, sfx_loxcalf_alerted
1571728298, sfx_MeadBurp
1124696762, sfx_metal_blocked
-1760283719, sfx_metal_blocked_overlay
-1772608940, sfx_metal_shield_blocked
-840864991, sfx_metal_shield_blocked_overlay
2057247232, sfx_mill_add
-1118938029, sfx_mill_produce
821843025, sfx_MudDestroyed
1067687063, sfx_MudHit
952841829, sfx_neck_alerted
43892854, sfx_neck_attack
-2127668968, sfx_neck_attack_hit
-1277955800, sfx_neck_death
654439419, sfx_neck_hit
-775797488, sfx_neck_idle
1274852592, sfx_obliterator_close
-682457896, sfx_obliterator_open
-1982248368, sfx_offering
-1817721841, sfx_oozebomb_explode
732280816, sfx_OpenPortal
-1005547168, sfx_oven_burnt
-1547861929, sfx_oven_done
307453894, sfx_oven_take
-937050156, sfx_perfectblock
309311199, sfx_pickable_pick
1303862709, sfx_pickaxe_hit
-2079789852, sfx_pickaxe_swing
-719076567, sfx_Poison_Start
-343832221, sfx_Potion_frostresist_Start
679702861, sfx_Potion_health_Start
513203996, sfx_Potion_stamina_Start
482237526, sfx_prespawn
933664922, sfx_ProjectileHit
-326315518, sfx_Puke_female
-90428465, sfx_Puke_male
443205179, sfx_rock_destroyed
1659574845, sfx_rock_hit
1862739074, sfx_secretfound
-1529198509, sfx_secretfound 1
-1937784263, sfx_serpent_alerted
1720244614, sfx_serpent_attack
-53659712, sfx_serpent_attack_hit
1664749613, sfx_serpent_attack_trigger
664835072, sfx_serpent_death
1296799745, sfx_serpent_hurt
-1452028264, sfx_serpent_idle
-1775091842, sfx_serpent_taunt
-1123631012, sfx_ship_destroyed
108601737, sfx_ship_impact
101705497, sfx_silvermace_hit
-779148385, sfx_skeleton_alerted
1471010406, sfx_skeleton_attack
-946127216, sfx_skeleton_big_alerted
-2047632425, sfx_skeleton_big_death
-632309576, sfx_skeleton_death
1166104533, sfx_skeleton_hit
-199334624, sfx_skeleton_idle
-134414446, sfx_skeleton_mace_hit
1234819210, sfx_sledge_hit
1218133189, sfx_sledge_iron_hit
1025052565, sfx_sledge_swing
-1187773206, sfx_smelter_add
455267851, sfx_smelter_produce
1622864505, sfx_spawn
-98825973, sfx_spear_flint_hit
-639458691, sfx_spear_hit
1418593097, sfx_spear_poke
-433840220, sfx_spear_throw
-1300399715, sfx_stonegolem_alerted
-56190528, sfx_stonegolem_attack_hit
-573443490, sfx_stonegolem_attack_wosh
-625942156, sfx_stonegolem_death
1697953989, sfx_stonegolem_hurt
299883260, sfx_stonegolem_idle
-122588711, sfx_stonegolem_primary_start
1405284141, sfx_stonegolem_second_start
1969679954, sfx_stonegolem_spikeattack_trailon
252173315, sfx_stonegolem_wakeup
-908234027, sfx_sword_hit
805484646, sfx_sword_swing
1547379821, sfx_tentaroot_attack
-761428885, sfx_torch_swing
1141039220, sfx_treasurechest_destroyed
-1874475854, sfx_tree_fall
-1256552928, sfx_tree_fall_abomination
990991588, sfx_tree_fall_hit
724468252, sfx_tree_hit
1701579258, sfx_tree_hit_abomination
1062930251, sfx_troll_alerted
236295284, sfx_troll_attack_hit
-524195358, sfx_troll_attacking
1550152080, sfx_troll_death
-919278487, sfx_troll_hit
2138806728, sfx_troll_idle
108229521, sfx_troll_rock_destroyed
-971560874, sfx_ulv_death
-161316095, sfx_unarmed_blocked
1606312494, sfx_unarmed_hit
715807293, sfx_unarmed_swing
406146685, sfx_UndeadBurn_Start
-1045975014, sfx_WishbonePing_closer
-1698132249, sfx_WishbonePing_far
-937629098, sfx_WishbonePing_further
1534792178, sfx_WishbonePing_med
393316638, sfx_WishbonePing_near
-960574442, sfx_wolf_alerted
523244451, sfx_wolf_attack
163230065, sfx_wolf_attack_hit
-1174064648, sfx_wolf_birth
-1803198157, sfx_wolf_death
-1555397680, sfx_wolf_hit
912084459, sfx_wolf_love
-602397748, sfx_wood_blocked
-576574677, sfx_wood_blocked_overlay
102817, sfx_wood_break
-1560241923, sfx_wood_destroyed
-1717541353, sfx_wood_hit
-1928641073, sfx_wraith_alerted
711249930, sfx_wraith_attack
965283228, sfx_wraith_attack_hit
-1778014004, sfx_wraith_death
901120601, sfx_wraith_hit
944718372, sfx_wraith_idle
1961161115, shaman_attack_aoe
1063409303, shaman_heal_aoe
-750899644, SharpeningStone
616678875, ShieldBanded
-417136115, ShieldBlackmetal
-1283608710, ShieldBlackmetalTower
387580618, ShieldBoneTower
831128417, ShieldBronzeBuckler
-1704092447, ShieldIronBuckler
-66427558, ShieldIronSquare
1602392070, ShieldIronTower
-1748101970, ShieldKnight
-344082900, ShieldSerpentscale
-1248409586, ShieldSilver
897989326, ShieldWood
1729114779, ShieldWoodTower
-1245442852, ship_construction
121363955, shipwreck_karve_bottomboards
-2111136205, shipwreck_karve_bow
-759801912, shipwreck_karve_chest
1103509118, shipwreck_karve_dragonhead
-1183306829, shipwreck_karve_stern
-849022257, shipwreck_karve_sternpost
-1079051988, ShocklateSmoothie
-1779355401, shrub_2
-199539902, shrub_2_heath
1084866395, sign
1316803472, sign_notext
-1906091609, Silver
-726203417, SilverNecklace
2105582487, SilverOre
1611466255, silvervein
65008322, silvervein_frac
-1035090735, Skeleton
-955026550, skeleton_bow
598002992, skeleton_mace
392606230, Skeleton_NoArcher
-1723003302, Skeleton_Poison
141245155, skeleton_sword
757858766, Skull1
354574239, Skull2
-8548736, sledge_aoe
175903691, SledgeCheat
-228048586, SledgeIron
-698896327, SledgeStagbreaker
900941850, smelter
-1836156358, Spawner_Bat
959730964, Spawner_Blob
-241244907, Spawner_BlobElite
-2140639629, Spawner_BlobTar
1490211126, Spawner_BlobTar_respawn_30
1571435137, Spawner_Boar
-1600033845, Spawner_Cultist
1620622954, Spawner_Draugr
-2140484606, Spawner_Draugr_Elite
-1294801227, Spawner_Draugr_Noise
521057400, Spawner_Draugr_Ranged
-955292439, Spawner_Draugr_Ranged_Noise
1006477195, Spawner_Draugr_respawn_30
-399756230, Spawner_DraugrPile
705538066, Spawner_Fenring
-524222393, Spawner_Fish4
-2043251898, Spawner_Ghost
-253282352, Spawner_Goblin
-1332276175, Spawner_GoblinArcher
1838267156, Spawner_GoblinBrute
-40747638, Spawner_GoblinShaman
544574264, Spawner_Greydwarf
1287973336, Spawner_Greydwarf_Elite
-1711995613, Spawner_Greydwarf_Shaman
-2136750990, Spawner_GreydwarfNest
-1720584471, Spawner_Hatchling
489441179, Spawner_imp
-778538652, Spawner_imp_respawn
-1702254152, Spawner_Leech_cave
-1825512432, Spawner_Location_Elite
1020298526, Spawner_Location_Greydwarf
233788309, Spawner_Location_Shaman
-346964912, Spawner_Skeleton
2087336966, Spawner_Skeleton_night_noarcher
-1948581159, Spawner_Skeleton_poison
81405021, Spawner_Skeleton_respawn_30
710649036, Spawner_StoneGolem
-275632390, Spawner_Troll
-1076640884, Spawner_Ulv
-268438304, Spawner_Wraith
-1821145625, SpearBronze
678850310, SpearChitin
-1438354023, SpearElderbark
-1352659250, SpearFlint
228563121, SpearWolfFang
13326225, stake_wall
-1439240287, StaminaUpgrade_Greydwarf
-2070050825, StaminaUpgrade_Troll
-1764358509, StaminaUpgrade_Wraith
-1452599006, StatueCorgi
222646934, StatueDeer
726946320, StatueEvil
1936541740, StatueHare
128538777, StatueSeed
-535531945, Stone
-542996224, stone_arch
1135745654, stone_floor
2048610715, stone_floor_2x2
-1094350308, stone_pile
-1747173676, stone_pillar
389771597, stone_stair
-1764426495, stone_wall_1x1
-1623263994, stone_wall_2x1
-2066954473, stone_wall_4x2
-714671739, stoneblock_fracture
-1478464920, stonechest
1814827443, StoneGolem
-1408658120, stonegolem_attack1_spike
-1360440141, StoneGolem_clubs
-877622719, StoneGolem_hat
-1554331797, Stonegolem_ragdoll
-856244001, StoneGolem_spikes
595427151, stubbe
1515889972, stubbe_spawner
-339866909, sunken_crypt_gate
1370511288, Surtling
-905433289, SurtlingCore
2111235755, SwampTree1
998340100, SwampTree1_log
-142007914, SwampTree1_Stub
1707951228, SwampTree2
2052455688, SwampTree2_darkland
270257971, SwampTree2_log
660487747, SwordBlackmetal
995331031, SwordBronze
1586116462, SwordCheat
-110263489, SwordIron
-114512825, SwordIronFire
891097842, SwordSilver
-430432277, Tankard
1115535871, TankardAnniversary
-467580905, TankardOdin
696030903, Tar
920931787, TarLiquid
-1406277430, tarlump1
2137671655, tarlump1_frac
326210194, TentaRoot
2038061211, tentaroot_attack
-1711101149, Thistle
-1340310877, Thunderstone
339800571, Tin
1742893963, TinOre
-1028130263, tolroko_flyer
795277336, Torch
182695579, Trailership
892476008, TrainingDummy
-2052101304, treasure_pile
-109499528, treasure_stack
1673474691, TreasureChest_blackforest
1396451807, TreasureChest_fCrypt
-494038940, TreasureChest_forestcrypt
-1283895483, TreasureChest_heath
600954715, TreasureChest_meadows
1182558977, TreasureChest_meadows_buried
637000287, TreasureChest_mountaincave
-161144371, TreasureChest_mountains
-922407394, TreasureChest_plains_stone
-190638207, TreasureChest_sunkencrypt
887247677, TreasureChest_swamp
901211521, TreasureChest_trollcave
425751481, Troll
1705853408, troll_groundslam_aoe
724671782, troll_log_swing_h
724671788, troll_log_swing_v
-1300355707, Troll_ragdoll
-1742068936, troll_throw_projectile
-1798613647, TrollHide
950444395, TrophyAbomination
744168779, TrophyBlob
434992580, TrophyBoar
-823608926, TrophyBonemass
-275461056, TrophyCultist
-178752771, TrophyDeathsquito
1281967652, TrophyDeer
1777024751, TrophyDragonQueen
255610059, TrophyDraugr
224753756, TrophyDraugrElite
2113459109, TrophyDraugrFem
-210135580, TrophyEikthyr
-1862041229, TrophyFenring
1490357724, TrophyForestTroll
1334057821, TrophyFrostTroll
-1910628999, TrophyGoblin
-1059419183, TrophyGoblinBrute
-761824688, TrophyGoblinKing
-1390649375, TrophyGoblinShaman
1438359047, TrophyGreydwarf
520692315, TrophyGreydwarfBrute
-1167222293, TrophyGreydwarfShaman
-1545751767, TrophyGrowth
1489900578, TrophyHatchling
2011746767, TrophyLeech
1418882551, TrophyLox
-640346581, TrophyNeck
-659296385, TrophySerpent
394875495, TrophySGolem
446596857, TrophySkeleton
319457105, TrophySkeletonPoison
1253526026, TrophySurtling
-7767225, TrophyTheElder
-1310001585, TrophyUlv
1691899648, TrophyWolf
1821410901, TrophyWraith
1473935011, tunnel_web
-174377588, turf_roof
-1994750376, turf_roof_top
-2117703061, turf_roof_wall
-1615314128, Turnip
1883826970, TurnipSeeds
131796573, TurnipStew
-63484205, Ulv
-2106399042, Ulv_attack1_bite
-1857559904, Ulv_attack2_slash
2013076875, Ulv_Ragdoll
1321415847, Valkyrie
2016758402, VegvisirShard_Bonemass
547607065, vertical_web
-1733578089, vfx_arrowhit
1066770835, vfx_auto_pickup
1316049866, vfx_barley_destroyed
1495888243, vfx_barnacle_destroyed
-365758259, vfx_barnacle_hit
331770029, vfx_barrle_destroyed
468348387, vfx_beech_cut
-127434936, vfx_beech_small1_destroy
510000429, vfx_beech_small2_destroy
-35451204, vfx_beechlog_destroyed
-317910816, vfx_beechlog_half_destroyed
-470808985, vfx_beehive_destroyed
976946033, vfx_beehive_hit
859572588, vfx_birch1_aut_cut
-1147555287, vfx_birch1_cut
-851096239, vfx_birch2_aut_cut
1055017368, vfx_birch2_cut
1343538387, vfx_blastfurance_addfuel
984877513, vfx_blastfurnace_addore
2028884154, vfx_blastfurnace_produce
18698171, vfx_blob_attack
593299331, vfx_blob_death
1665989430, vfx_blob_hit
1436176688, vfx_blobelite_attack
145857790, vfx_blobtar_death
382852373, vfx_blobtar_hit
-886131209, vfx_blocked
1874304749, vfx_BloodDeath
-512952038, vfx_BloodHit
1921065415, vfx_boar_birth
-318107006, vfx_boar_death
2086679503, vfx_boar_hit
195340900, vfx_boar_love
-1941020771, vfx_BonemassDeath
-1564202362, vfx_BonemassHit
-1211919799, vfx_bonepile_destroyed
1565156094, vfx_bones_pick
1894220146, vfx_bonfire_AddFuel
-904512894, vfx_bonfire_destroyed
-2082004790, vfx_bow_fire
-1645099656, vfx_bowl_AddItem
-404786718, vfx_Burning
608518267, vfx_bush_destroyed
358887432, vfx_bush_destroyed_heath
1138218448, vfx_bush_leaf_puff
-2056072157, vfx_bush_leaf_puff_heath
1106775641, vfx_bush2_e_hit
1659973233, vfx_bush2_en_destroyed
-1811143589, vfx_cartograpertable_write
-395953198, vfx_cloth_hanging_destroyed
1224459144, vfx_clubhit
-1724176891, vfx_CoalDestroyed
1378946595, vfx_CoalHit
625439651, vfx_coin_pile_destroyed
1245329977, vfx_coin_stack_destroyed
121256471, vfx_Cold
1008503002, vfx_ColdBall_Hit
1718661266, vfx_ColdBall_launch
-1234239539, vfx_cooking_station_transform
1848449852, vfx_corpse_destruction_large
510941886, vfx_corpse_destruction_medium
1555670196, vfx_corpse_destruction_small
-416794571, vfx_creature_soothed
1768661069, vfx_crow_death
-284562001, vfx_damaged_cart
-1049460462, vfx_Damaged_Karve
884897364, vfx_Damaged_Raft
-2045988123, vfx_Damaged_VikingShip
-1896715824, vfx_darkland_groundfog
-1290868190, vfx_deer_death
-1914944657, vfx_deer_hit
168794906, vfx_Destroyed_Karve
-2044113848, vfx_Destroyed_Raft
1181203005, vfx_Destroyed_VikingShip
1034819573, vfx_dragon_coldbreath
1273669409, vfx_dragon_death
-708018736, vfx_dragon_hurt
1662860094, vfx_dragon_ice_hit
2102462628, vfx_dragonegg_destroy
-1805750341, vfx_draugr_death
2105343528, vfx_draugr_hit
-786333438, vfx_draugrpile_destroyed
836768320, vfx_draugrpile_hit
-1452023749, vfx_DraugrSpawn
-602293851, vfx_edge_clouds
-87169824, vfx_eikthyr_death
-12616560, vfx_fenring_cultist_death
2101883415, vfx_fenring_death
-837531426, vfx_fenring_hurt
-540699250, vfx_fenrirhide_hanging_destroyed
174557517, vfx_fermenter_add
-228727875, vfx_fermenter_tap
550787196, vfx_fir_oldlog
-59626026, vfx_FireAddFuel
-1734590895, vfx_FireballHit
1403184098, vfx_firetree_regrow
-1699433389, vfx_firetreecut
-139036264, vfx_firetreecut_dead
-127726790, vfx_firetreecut_dead_abomination
151805409, vfx_firlogdestroyed
1880682397, vfx_firlogdestroyed_half
1497395801, vfx_foresttroll_hit
1337401413, vfx_ForgeAddFuel
982281717, vfx_Freezing
-990890393, vfx_Frost
-225851562, vfx_frostarrow_hit
-327544276, vfx_frosttroll_hit
-1006512207, vfx_gdking_stomp
-1040762809, vfx_ghost_death
-565995904, vfx_ghost_hit
-1229125003, vfx_goblin_death
-1982327694, vfx_goblin_hit
-2075528908, vfx_goblin_woodwall_destroyed
-1461997707, vfx_goblinbrute_death
939866254, vfx_goblinbrute_hit
580593833, vfx_goblinking_beam_OLD
354834569, vfx_GoblinShield
-811131418, vfx_GodExplosion
1697016051, vfx_greydwarf_death
1673835157, vfx_greydwarf_elite_death
213347242, vfx_greydwarf_hit
1210601465, vfx_greydwarf_root_destroyed
-997579616, vfx_greydwarf_shaman_pray
1285232666, vfx_greydwarfnest_destroyed
1714298628, vfx_greydwarfnest_hit
234310646, vfx_groundtorch_addFuel
-1900611834, vfx_GuckSackDestroyed
-285005240, vfx_GuckSackHit
-502557894, vfx_GuckSackSmall_Destroyed
281556695, vfx_Harpooned
-665211050, vfx_hatchling_death
1791984981, vfx_hatchling_hurt
528844679, vfx_HealthUpgrade
713592094, vfx_HearthAddFuel
1969967266, vfx_HitSparks
-477844346, vfx_ice_destroyed
1893942415, vfx_ice_destroyed_shelf
905768520, vfx_ice_hit
-1671524600, vfx_iceblocker_destroyed
-1147224145, vfx_ImpDeath
463220889, vfx_kiln_addore
-713949142, vfx_kiln_produce
1653866731, vfx_leech_death
-1499057998, vfx_leech_hit
393840463, vfx_lever
-56897708, vfx_lootspawn
911060721, vfx_lox_groundslam
169761379, vfx_lox_love
247941897, vfx_lox_soothed
-993136993, vfx_MeadSplash
1864219229, vfx_mill_add
-873027154, vfx_mill_produce
1273663262, vfx_mountainkit_chair_destroyed
-1844426309, vfx_mountainkit_table_destroyed
1067466478, vfx_MudDestroyed
1061837716, vfx_MudHit
939881635, vfx_neck_death
461345558, vfx_neck_hit
-1049327509, vfx_oak_cut
810109753, vfx_oaklogdestroyed
-1918736987, vfx_oaklogdestroyed_half
267788734, vfx_ocean_clouds
139151798, vfx_odin_despawn
2119690483, vfx_offering
-1068553607, vfx_perfectblock
30264026, vfx_pickable_pick
1271903464, vfx_pinelogdestroyed
606433836, vfx_pinelogdestroyed_half
-1912975828, vfx_pinetree_regrow
-1028062451, vfx_pinetreecut
-1132904122, vfx_Place_bed
-1425267801, vfx_Place_beehive
-188774892, vfx_Place_brazierceiling01
98119083, vfx_Place_cart
-1835506573, vfx_Place_cauldron
793204114, vfx_Place_charcoalkiln
233679104, vfx_Place_chest
2095980090, vfx_Place_cookingstation_iron
-414032288, vfx_Place_darkwood_gate
1247363526, vfx_Place_digg
-882071934, vfx_Place_forge
-1990881174, vfx_Place_Karve
-986664346, vfx_Place_mud_road
-1931600359, vfx_Place_oven
1833898339, vfx_Place_portal
98119528, vfx_Place_Raft
-1587639081, vfx_Place_raise
-148711009, vfx_Place_replant
-844306953, vfx_Place_smelter
2083408048, vfx_Place_spinningwheel
2082355887, vfx_Place_stone_floor
-17539746, vfx_Place_stone_floor_2x2
460429117, vfx_Place_stone_wall_2x1
1179538052, vfx_Place_stone_wall_4x2
-869703693, vfx_Place_throne02
485939669, vfx_Place_VikingShip
470607579, vfx_Place_windmill
1407536740, vfx_Place_wood_beam
-752405273, vfx_Place_wood_floor
298697721, vfx_Place_wood_pole
177738195, vfx_Place_wood_roof
-2070887160, vfx_Place_wood_stair
1804172929, vfx_Place_wood_wall
-1695999899, vfx_Place_wood_wall_half
-849025734, vfx_Place_wood_wall_roof
1112160676, vfx_Place_workbench
1600378975, vfx_player_death
2114241932, vfx_player_hit
1225290243, vfx_Poison
-1642631106, vfx_poisonarrow_hit
-1239285227, vfx_Potion_health_medium
1971950416, vfx_Potion_stamina_medium
288873395, vfx_prespawn
1252888223, vfx_ProjectileHit
395694737, vfx_RockDestroyed
-631382181, vfx_RockDestroyed_large
-871962805, vfx_RockDestroyed_Obsidian
-730764453, vfx_RockHit
661975945, vfx_RockHit_Obsidian
-1195108480, vfx_SawDust
1575895354, vfx_SawDust_abomination
1241359129, vfx_seagull_death
1487320808, vfx_serpent_attack_trigger
-1248245181, vfx_serpent_death
1238827358, vfx_serpent_hurt
-408284028, vfx_shrub_2_destroyed
-1172819289, vfx_shrub_2_heath_destroyed
-1619361458, vfx_shrub_2_hit
-355458734, vfx_shrub_heath_hit
-1516628266, vfx_silvermace_hit
1464964316, vfx_skeleton_big_death
1966038773, vfx_skeleton_death
1114691826, vfx_skeleton_hit
-916784691, vfx_skeleton_mace_hit
-849145139, vfx_sledge_hit
1136200682, vfx_sledge_iron_hit
613386663, vfx_smelter_addfuel
-236669799, vfx_smelter_addore
524856430, vfx_smelter_produce
-1730929208, vfx_Smoked
1617006654, vfx_spawn
-1665118250, vfx_spawn_large
1628388642, vfx_spawn_small
-1295196504, vfx_StaminaUpgrade
362897581, vfx_standing_brazier_destroyed
-207598898, vfx_stone_floor_2x2_destroyed
744571047, vfx_stone_floor_destroyed
884180074, vfx_stone_stair_destroyed
487704284, vfx_stone_wall_4x2_destroyed
-497397627, vfx_stonegolem_attack_hit
649138327, vfx_stonegolem_death
-1321932824, vfx_stonegolem_hurt
-619835584, vfx_stonegolem_wakeup
-1129264550, vfx_stubbe
1008438155, vfx_swamp_mist
-907217478, vfx_swamptree_cut
1314778849, vfx_Tared
998359095, vfx_torch_hit
-1850635673, vfx_tree_fall_hit
-398437737, vfx_troll_attack_hit
1715200685, vfx_troll_death
1279620163, vfx_troll_groundslam
-795702158, vfx_troll_log_hitground
-1036826514, vfx_troll_rock_destroyed
229884025, vfx_turnip_grow
1248443675, vfx_ulv_death
-146689421, vfx_UndeadBurn
1253313884, vfx_vines_destroyed
109708603, vfx_walltorch_addFuel
1612136656, vfx_WaterImpact_Karve
-837489954, vfx_WaterImpact_Raft
2135074485, vfx_WaterImpact_VikingShip
953948517, vfx_Wet
1002622938, vfx_WishbonePing
416803702, vfx_wolf_death
-1748425933, vfx_wolf_hit
-1319659911, vfx_wood_core_stack_destroyed
511674592, vfx_wood_fine_stack_destroyed
-1403761043, vfx_wood_stack_destroyed
-1525697551, vfx_wraith_death
-1173641826, vfx_wraith_hit
118230510, VikingShip
-649881157, vines
-2094909618, widestone
-1462463015, widestone_frac
-984198658, windmill
1219941843, Wishbone
1905991362, WitheredBone
1010961914, Wolf
-1969683915, Wolf_cub
-113693526, Wolf_Ragdoll
745645583, WolfClaw
-927843224, WolfFang
-237951114, WolfHairBundle
-1029078359, WolfJerky
167698947, WolfMeat
-1653997440, WolfMeatSkewer
167698835, WolfPelt
-151837501, Wood
-1109248277, wood_beam
-155126795, wood_beam_1
1332601932, wood_beam_26
1735886465, wood_beam_45
-1421478172, wood_core_stack
692106840, wood_door
775398114, wood_dragon1
-2081117101, wood_fence
719595997, wood_fine_stack
-1045925142, wood_floor
-745132593, wood_floor_1x1
1007930775, wood_gate
364666255, wood_ledge
581611607, wood_log_26
-224957444, wood_log_45
1142703842, wood_pole
-1424233331, wood_pole_log
1024658248, wood_pole_log_4
524618856, wood_pole2
-1626585462, wood_roof
-877641284, wood_roof_45
-1076788695, wood_roof_icorner
1132532351, wood_roof_icorner_45
-1076581777, wood_roof_ocorner
1139360637, wood_roof_ocorner_45
2141320638, wood_roof_top
-598122136, wood_roof_top_45
-2139848760, wood_stack
945264965, wood_stair
-354552934, wood_stepladder
-1000346356, wood_wall_half
-886156835, wood_wall_log
214591025, wood_wall_log_4x0.5
622849921, wood_wall_quarter
1882996769, wood_wall_roof
-1218250357, wood_wall_roof_45
618430194, wood_wall_roof_45_upsidedown
437925541, wood_wall_roof_top
-1199392921, wood_wall_roof_top_45
1974160938, wood_wall_roof_upsidedown
-1138351504, wood_window
-1499117535, woodiron_beam
-2023619468, woodiron_pole
-523056075, woodwall
68955605, Wraith
-1764301166, wraith_melee
-609016745, YagluthDrop
176995072, YmirRemains


228183496, _GameMain